"Variable","Estimate","SE","p_value"
"EV Algorithm",-0.10467016768843,0.0497398235818903,0.0364240197941651
"Previous Win",0.169470035451233,0.0351780519046061,2.62583162824154e-06
"EV Algorithm x Previous Win",0.00876234938305347,0.0487279326968217,0.857449352647512
