"Variable","All_Periods_Estimate","All_Periods_SE","All_Periods_p","Periods_2_10_Estimate","Periods_2_10_SE","Periods_2_10_p"
"EV Algorithm",0.0175673049331458,0.0438856485266728,0.689305932784929,0.00249608865529123,0.0446161750652278,0.955433116673288
"Decision Number",NA,NA,NA,NA,NA,NA
"EV Algorithm x Decision Number",-0.0123489459691124,0.00829312516653298,0.137830142384591,NA,NA,NA
