time1,pid,gender,age,error1_1,error2_1,error3_1,comments1,payoff1,returned,alpha,beta,gamma,cpt_l1,cpt_l2,cpt_l3,cpt_l4,cpt_l5,cpt_l6,cpt_l7,cpt_l8,time2,decision1,myself1,computer1,satisfaction1,selection1,decision2,myself2,computer2,satisfaction2,selection2,decision3,myself3,computer3,satisfaction3,selection3,decision4,myself4,computer4,satisfaction4,selection4,decision5,myself5,computer5,satisfaction5,selection5,decision6,myself6,computer6,satisfaction6,selection6,decision7,myself7,computer7,satisfaction7,selection7,decision8,myself8,computer8,satisfaction8,selection8,hypo,hypo_reason,hypo_other,comments2,computer_choice1,computer_choice2,computer_choice3,computer_choice4,computer_choice5,computer_choice6,computer_choice7,computer_choice8,error1_2,error2_2,error3_2,paidstate1,paidstate2,paidstate3,paidstate4,paidstate5,paidstate6,paidstate7,paidstate8,payoff2,treatment,maxvalue1d,maxvalue1p,maxvalue1_chosen,maxvalue2d,maxvalue2p,maxvalue2_chosen,maxvalue3d,maxvalue3p,maxvalue3_chosen,maxvalue4d,maxvalue4p,maxvalue4_chosen,maxvalue5d,maxvalue5p,maxvalue5_chosen,maxvalue6d,maxvalue6p,maxvalue6_chosen,maxvalue7d,maxvalue7p,maxvalue7_chosen,maxvalue8d,maxvalue8p,maxvalue8_chosen,feedback1,feedback2,feedback3,feedback4,feedback5,feedback6,feedback7,feedback8,firstlist,secondlist,thirdlist,fourthlist,fifthlist,sixthlist,seventhlist,eighthlist,decision1st,myself1st,computer1st,satisfaction1st,selection1st,decision2nd,myself2nd,computer2nd,satisfaction2nd,selection2nd,decision3rd,myself3rd,computer3rd,satisfaction3rd,selection3rd,decision4th,myself4th,computer4th,satisfaction4th,selection4th,decision5th,myself5th,computer5th,satisfaction5th,selection5th,decision6th,myself6th,computer6th,satisfaction6th,selection6th,decision7th,myself7th,computer7th,satisfaction7th,selection7th,decision8th,myself8th,computer8th,satisfaction8th,selection8th,feedback1st,feedback2nd,feedback3rd,feedback4th,feedback5th,feedback6th,feedback7th,feedback8th,education,socioeconomic_status,hh_income,programming_skills,nationality,student,employment,hh1,hh2,hh3,hh4,hh5,hh6,hh7,hh8,hh9,hh10,hh11,hh12,hh13,hhIncome
835,5422aa8bfdf99b328c91b1ff,1,46,0,0,0,n/a,3.6,1,0.611699008474923,0.848843155960496,0.237926788782588,D,D,D,D,D,D,D,D,396,1,,3,3,3,1,,8,4,8,1,,6,3,6,1,,7,4,7,1,,8,3,8,0,5,5,4,5,1,,3,4,3,1,,1,4,1,1,"2,5",,,D,D,P,P,D,D,P,P,0,0,0,5,4,3,3,6,5,8,10,2.3,1,220,90,220,170,55,170,175,110,110,205,115,115,190,45,190,210,40,210,225,85,85,195,65,65,0,170,0,0,0,0,85,65,1,7,3,6,8,5,2,4,1,0,3,3,3,1,0,3,4,3,1,0,6,3,6,0,5,5,4,5,1,0,1,4,1,1,0,8,3,8,1,0,8,4,8,1,0,7,4,7,0,85,0,0,65,0,170,0,Graduate degree (MA/MSc/MPhil/other),7,"£20,000 - £29,999",No,United Kingdom,No,Full-Time,25000,0,0,0,0,0,0,0,0,0,0,0,0,25000
666,5422ae1afdf99b328c91b203,1,42,0,0,0,,2.8,1,0.823725491049208,0.939135968873938,0.982476365836566,P,D,P,P,P,P,P,P,713,1,,3,1,3,1,,8,1,8,1,,6,5,6,1,,7,4,7,1,,8,5,8,1,,5,1,5,1,,3,5,3,1,,1,3,1,1,5,,,D,D,P,P,D,D,P,P,1,0,0,9,6,6,7,9,1,6,8,4.8,2,220,90,220,170,55,170,175,110,110,205,115,115,190,45,190,210,40,210,225,85,85,195,65,65,0,0,110,115,190,0,85,65,3,4,5,1,2,8,7,6,1,0,6,5,6,1,0,7,4,7,1,0,8,5,8,1,0,3,1,3,1,0,8,1,8,1,0,1,3,1,1,0,3,5,3,1,0,5,1,5,110,115,190,0,0,65,85,0,Undergraduate degree (BA/BSc/other),7,"£30,000 - £39,999",No,United Kingdom,No,Full-Time,0,35000,0,0,0,0,0,0,0,0,0,0,0,35000
1125,543e85adfdf99b7356902e90,0,50,0,0,0,,3.6,1,0.883816175144192,0.7240497934232,0.462149317865632,D,D,P,D,D,D,D,D,514,0,6,3,5,6,1,,8,2,8,1,,6,5,6,1,,2,5,2,1,,8,2,8,0,7,5,5,7,0,3,4,5,3,0,1,8,5,1,0,2,,,D,D,P,D,D,D,D,D,0,0,0,2,6,3,3,1,8,5,9,2.8,3,220,90,90,170,55,170,175,110,110,205,115,205,190,45,190,210,40,40,225,85,85,195,65,65,90,0,0,0,0,40,0,0,7,5,6,4,1,3,2,8,0,3,4,5,3,1,0,8,2,8,0,7,5,5,7,1,0,2,5,2,0,6,3,5,6,1,0,6,5,6,1,0,8,2,8,0,1,8,5,1,0,0,40,0,90,0,0,0,Undergraduate degree (BA/BSc/other),7,"£20,000 - £29,999",No,United Kingdom,No,Full-Time,25000,0,0,0,0,0,0,0,0,0,0,0,0,25000
851,551d8fccfdf99b51d1bea31e,1,28,1,0,0,The UI of this study is really painful to enter my choice on. It would be way more pleasant to use a slider to illustrate when I would switch to the lottery,2.6,1,0.922294649680865,0.286022676249748,0.3862913320707,D,D,P,D,D,D,D,D,387,1,,3,1,3,1,,8,1,8,0,3,6,1,3,0,7,2,1,7,0,5,8,5,5,0,4,5,5,4,0,3,4,5,3,0,1,8,5,1,0,6,I don't like what the computer selected when it did it,,D,D,P,D,D,D,D,D,0,0,0,9,9,10,5,10,8,2,4,1.8,4,220,90,220,170,55,170,175,110,170,205,115,115,190,45,45,210,40,40,225,85,85,195,65,65,0,0,0,0,45,40,85,65,7,3,2,4,6,5,1,8,0,3,4,5,3,0,3,6,1,3,1,0,8,1,8,0,7,2,1,7,0,4,5,5,4,0,5,8,5,5,1,0,3,1,3,0,1,8,5,1,85,0,0,0,40,45,0,65,Undergraduate degree (BA/BSc/other),7,"£30,000 - £39,999",No,United Kingdom,No,Part-Time,0,35000,0,0,0,0,0,0,0,0,0,0,0,35000
1785,5576a928fdf99b31db3db316,1,41,1,0,0,,3.2,1,0.836499096209773,0.642943889886058,0.412496242256539,D,D,P,D,D,D,D,D,629,0,6,3,4,6,1,,8,3,8,0,2,6,4,2,1,,7,4,7,0,5,8,4,5,1,,5,2,5,0,3,3,4,3,0,1,1,4,1,0,5,,,D,D,P,P,D,D,P,P,0,0,0,7,8,3,1,3,1,3,1,1,1,220,90,90,170,55,170,175,110,110,205,115,115,190,45,45,210,40,210,225,85,85,195,65,65,90,0,0,0,45,0,85,65,6,5,7,4,2,8,1,3,1,0,5,2,5,0,5,8,4,5,0,3,3,4,3,1,0,7,4,7,1,0,8,3,8,0,1,1,4,1,0,6,3,4,6,0,2,6,4,2,0,45,85,0,0,65,90,0,Secondary education (e.g. GED/GCSE),5,"£70,000 - £79,999",No,United Kingdom,No,Part-Time,0,0,75000,0,0,0,0,0,0,0,0,0,0,75000
616,558996f2fdf99b7ae47f5ed2,0,36,0,0,0,,2,1,1.41730431861483,0.289264983145438,0.477125314254441,D,D,D,D,D,D,D,D,366,0,6,3,3,6,0,4,8,2,4,0,6,6,2,6,0,1,7,1,1,1,,8,5,8,1,,5,4,5,0,3,3,5,3,1,,1,4,1,0,2,,,D,D,P,P,D,D,P,P,0,0,0,6,8,3,1,9,5,8,5,1,2,220,90,90,170,55,55,175,110,110,205,115,115,190,45,190,210,40,210,225,85,85,195,65,65,0,0,0,0,190,0,85,65,6,5,7,1,2,4,8,3,1,0,5,4,5,1,0,8,5,8,0,3,3,5,3,0,6,3,3,6,0,4,8,2,4,0,1,7,1,1,1,0,1,4,1,0,6,6,2,6,0,190,85,0,0,0,65,0,High school diploma/A-levels,3,"£30,000 - £39,999",No,United Kingdom,No,Part-Time,0,35000,0,0,0,0,0,0,0,0,0,0,0,35000
1299,559272f4fdf99b7e42e96932,0,52,0,0,0,,2.4,1,0.761307979192221,0.525339912878115,0.233216647189617,D,D,D,D,D,D,D,D,564,0,4,3,3,4,0,4,8,3,4,0,2,5,3,2,0,7,2,3,7,0,5,8,3,5,0,7,5,2,7,0,3,4,4,3,0,1,8,3,1,0,"1,2",,,D,D,D,D,D,D,D,D,0,0,0,9,2,10,2,3,3,4,8,2.3,3,220,90,90,170,55,55,175,110,110,205,115,115,190,45,45,210,40,40,225,85,85,195,65,65,90,55,100,115,45,0,85,65,3,6,7,8,2,5,1,4,0,2,5,3,2,0,7,5,2,7,0,3,4,4,3,0,1,8,3,1,0,4,8,3,4,0,5,8,3,5,0,4,3,3,4,0,7,2,3,7,100,0,85,65,55,45,90,115,Undergraduate degree (BA/BSc/other),4,"£20,000 - £29,999",Yes,United Kingdom,No,Full-Time,25000,0,0,0,0,0,0,0,0,0,0,0,0,25000
1264,55a2860ffdf99b602e6b05d6,1,47,2,0,2,none.,2.82,1,0.180349264212726,0.0549797785040526,3.141803772275,P,P,P,P,P,P,P,P,532,1,,6,4,6,1,,4,3,4,1,,6,5,6,1,,7,5,7,1,,5,2,5,1,,7,3,7,1,,3,4,3,1,,1,4,1,1,"2,5",,none.,P,P,P,P,P,P,P,P,0,0,0,7,10,10,2,1,10,8,7,1.9,4,220,90,90,170,55,55,175,110,110,205,115,115,190,45,45,210,40,40,225,85,85,195,65,65,90,55,110,115,45,40,85,65,4,3,7,1,5,6,2,8,1,0,7,5,7,1,0,6,5,6,1,0,3,4,3,1,0,6,4,6,1,0,5,2,5,1,0,7,3,7,1,0,4,3,4,1,0,1,4,1,115,110,85,90,45,40,55,65,Undergraduate degree (BA/BSc/other),5,"£20,000 - £29,999",Yes,United Kingdom,No,Full-Time,25000,0,0,0,0,0,0,0,0,0,0,0,0,25000
2315,5680383ac5767f000d1c7e77,1,48,3,0,3,,4,1,0.954028069443403,0.644434251892248,0.736086545327599,D,D,P,P,D,D,P,P,363,1,,3,2,3,1,,8,3,8,1,,6,5,6,1,,7,5,7,1,,8,1,8,0,2,5,5,2,0,3,3,5,3,0,1,1,5,1,1,"2,5",,,D,D,P,P,D,D,P,P,0,0,0,8,7,3,1,5,10,8,10,1.7,1,220,90,220,170,55,170,175,110,110,205,115,115,190,45,190,210,40,35,225,85,85,195,65,65,0,170,0,0,0,35,85,65,6,3,2,5,1,7,8,4,0,2,5,5,2,1,0,6,5,6,1,0,8,3,8,1,0,8,1,8,1,0,3,2,3,0,3,3,5,3,0,1,1,5,1,1,0,7,5,7,35,0,170,0,0,85,65,0,Technical/community college,4,"£30,000 - £39,999",No,United Kingdom,No,Full-Time,0,35000,0,0,0,0,0,0,0,0,0,0,0,35000
626,568a7774316b10000c506283,0,39,2,1,0,,2.74,1,0.837950034805588,0.332322710574409,0.343780298291263,D,D,P,D,D,D,D,D,410,1,,3,1,3,1,,8,5,8,1,,6,5,6,1,,7,5,7,1,,8,5,8,1,,5,3,5,0,6,3,1,6,1,,1,1,1,1,"2,5",,,D,D,P,P,D,D,P,P,1,0,0,9,7,9,7,9,6,4,9,5.2,2,220,90,220,170,55,170,175,110,110,205,115,115,190,45,190,210,40,210,225,85,220,195,65,65,0,170,110,115,190,210,0,0,7,2,1,3,5,6,8,4,0,6,3,1,6,1,0,8,5,8,1,0,3,1,3,1,0,6,5,6,1,0,8,5,8,1,0,5,3,5,1,0,1,1,1,1,0,7,5,7,0,170,0,110,190,210,0,115,High school diploma/A-levels,4,"£10,000 - £15,999",No,United Kingdom,No,Full-Time,0,0,0,12500,0,0,0,0,0,0,0,0,0,12500
591,56a80408c89737000b22bd37,0,47,3,0,2,,2.3,1,1.09488826993834,0.146275070146652,0.24857883319684,D,D,D,D,D,D,D,D,432,0,2,3,4,2,0,4,8,5,4,0,2,5,4,2,0,3,2,5,3,0,5,8,5,5,0,7,5,5,7,0,3,4,5,3,0,1,8,5,1,0,"1,2,4,5",,,D,D,D,D,D,D,D,D,0,0,0,9,5,7,1,5,8,7,9,1.9,3,220,90,85,170,55,55,175,110,110,205,115,110,190,45,45,210,40,40,225,85,85,195,65,65,85,55,110,0,45,40,0,0,4,1,8,5,3,2,7,6,0,3,2,5,3,0,2,3,4,2,0,1,8,5,1,0,5,8,5,5,0,2,5,4,2,0,4,8,5,4,0,3,4,5,3,0,7,5,5,7,0,85,0,45,110,55,0,40,Graduate degree (MA/MSc/MPhil/other),6,"£70,000 - £79,999",Yes,United Kingdom,No,Full-Time,0,0,75000,0,0,0,0,0,0,0,0,0,0,75000
908,56b4b530b2de2a000632cc5f,1,39,1,0,0,,2.8,1,1.91850801388471,0.458208580841276,0.842549037669398,D,D,P,D,D,D,D,D,497,0,6,3,5,6,0,4,8,1,4,0,2,6,5,2,1,,2,1,2,0,5,8,5,5,1,,5,1,5,0,3,4,1,3,0,1,8,5,1,0,2,,,D,D,P,D,D,D,D,D,0,0,0,7,4,1,10,4,5,5,7,1,4,220,90,90,170,55,55,175,110,110,205,115,205,190,45,45,210,40,210,225,85,85,195,65,65,90,0,105,0,45,0,0,65,2,1,4,6,7,5,8,3,0,4,8,1,4,0,6,3,5,6,1,0,2,1,2,1,0,5,1,5,0,3,4,1,3,0,5,8,5,5,0,1,8,5,1,0,2,6,5,2,0,90,0,0,0,45,65,105,Undergraduate degree (BA/BSc/other),7,"£20,000 - £29,999",No,United Kingdom,No,Full-Time,25000,0,0,0,0,0,0,0,0,0,0,0,0,25000
1066,56d7623f04c67d000c7b9de6,1,34,1,0,0,,2.64,1,1.53982138017722,0.403865159726189,0.506115916397492,D,D,D,D,D,D,D,D,442,0,6,3,4,6,1,,8,2,8,1,,6,4,6,1,,7,4,7,0,5,8,4,5,1,,5,3,5,1,,3,4,3,1,,1,4,1,1,5,,Everything went smoothly,D,D,P,P,D,D,P,P,0,0,0,9,7,10,6,8,2,9,9,3.2,1,220,90,90,170,55,170,175,110,110,205,115,115,190,45,45,210,40,210,225,85,85,195,65,65,90,170,110,115,45,210,85,0,2,5,1,6,4,8,3,7,1,0,8,2,8,0,5,8,4,5,0,6,3,4,6,1,0,5,3,5,1,0,7,4,7,1,0,1,4,1,1,0,6,4,6,1,0,3,4,3,170,45,90,210,115,0,110,85,Undergraduate degree (BA/BSc/other),3,"£10,000 - £15,999",No,United Kingdom,Yes,Full-Time,0,0,0,12500,0,0,0,0,0,0,0,0,0,12500
1155,56de005e6893b5000ce95d71,1,47,1,1,0,,2.76,1,1.20281811819055,0.251079499164538,-0.0193019328563939,D,D,D,D,D,D,D,D,799,1,,3,1,3,1,,8,1,8,1,,6,5,6,1,,7,4,7,1,,8,5,8,1,,5,1,5,1,,3,5,3,1,,1,3,1,1,2,,,D,D,P,P,D,D,P,P,0,0,0,9,2,1,9,9,4,8,7,4.8,2,220,90,220,170,55,170,175,110,110,205,115,115,190,45,190,210,40,210,225,85,85,195,65,65,0,0,110,115,190,0,85,65,4,5,2,8,7,6,1,3,1,0,7,4,7,1,0,8,5,8,1,0,8,1,8,1,0,1,3,1,1,0,3,5,3,1,0,5,1,5,1,0,3,1,3,1,0,6,5,6,115,190,0,65,85,0,0,110,Graduate degree (MA/MSc/MPhil/other),6,"£70,000 - £79,999",No,United Kingdom,No,Full-Time,0,0,75000,0,0,0,0,0,0,0,0,0,0,75000
971,56fd111d581aa6000f54d061,0,54,0,0,0,,2.26,1,0.797727582956883,0.809513656354954,0.393406146905586,D,D,D,D,D,D,D,D,444,0,6,3,4,6,0,2,8,3,2,0,6,5,4,6,0,7,2,4,7,0,5,8,3,5,0,7,5,3,7,1,,4,1,4,0,1,8,3,1,0,2,,,D,D,D,D,D,D,D,D,0,0,0,6,3,6,10,1,3,7,5,1,3,220,90,90,170,55,55,175,110,110,205,115,115,190,45,45,210,40,40,225,85,225,195,65,65,0,55,110,115,45,0,225,65,7,2,6,8,5,1,3,4,1,0,4,1,4,0,2,8,3,2,0,7,5,3,7,0,1,8,3,1,0,5,8,3,5,0,6,3,4,6,0,6,5,4,6,0,7,2,4,7,225,55,0,65,45,0,110,115,Undergraduate degree (BA/BSc/other),6,"£40,000 - £49,999",No,United Kingdom,No,Full-Time,0,0,0,0,45000,0,0,0,0,0,0,0,0,45000
1294,5720da35951c9b0011d3dfe0,0,60,1,0,0,,3.6,1,1.13277267217391,0.63449094515495,0.441483904959687,D,D,D,D,D,D,D,D,557,0,2,3,4,2,0,2,8,3,2,1,,5,1,5,1,,2,1,2,0,5,8,3,5,0,7,5,3,7,1,,4,1,4,0,1,8,3,1,0,2,,,D,D,D,D,D,D,D,D,0,0,0,2,7,2,1,10,10,6,5,1,4,220,90,85,170,55,55,175,110,175,205,115,205,190,45,45,210,40,40,225,85,225,195,65,65,85,55,0,0,45,40,0,65,3,2,4,5,6,7,8,1,1,0,5,1,5,0,2,8,3,2,1,0,2,1,2,0,5,8,3,5,0,7,5,3,7,1,0,4,1,4,0,1,8,3,1,0,2,3,4,2,0,55,0,45,40,0,65,85,Technical/community college,4,Rather not say,Yes,United Kingdom,No,Part-Time,0,0,0,0,0,0,0,0,0,0,0,0,0,0
790,572a04726fe43d000f0491de,0,28,1,0,0,Could you work it out that once you've cliked one on the other side all automatically fill in?,4,1,1.0104588228573,0.382681499793716,0.486499530397087,D,D,P,P,D,D,D,D,370,1,,3,2,3,1,,8,2,8,0,6,6,4,6,1,,7,4,7,0,5,8,4,5,0,7,5,4,7,0,2,4,3,2,0,1,8,4,1,0,2,,,D,D,P,P,D,D,D,D,0,0,0,7,3,10,7,2,2,9,10,1,3,220,90,220,170,55,170,175,110,110,205,115,115,190,45,45,210,40,40,225,85,225,195,65,65,0,0,110,115,45,40,0,65,7,4,1,5,8,6,2,3,0,2,4,3,2,1,0,7,4,7,1,0,3,2,3,0,5,8,4,5,0,1,8,4,1,0,7,5,4,7,1,0,8,2,8,0,6,6,4,6,0,115,0,45,65,40,0,110,Undergraduate degree (BA/BSc/other),5,"£20,000 - £29,999",No,United Kingdom,No,Full-Time,25000,0,0,0,0,0,0,0,0,0,0,0,0,25000
1275,5755c957eb80c4000741a9ce,0,40,0,0,0,,3.6,1,0.96727937697106,1.00818148357876,0.703962196463722,D,D,P,P,D,D,P,D,385,0,6,3,4,6,1,,8,4,8,1,,6,4,6,1,,7,5,7,1,,8,2,8,1,,5,5,5,1,,3,5,3,1,,1,4,1,1,2,,,D,D,P,P,D,D,P,P,0,0,0,7,5,10,8,9,10,3,4,1,1,220,90,90,170,55,170,175,110,110,205,115,115,190,45,190,210,40,210,225,85,85,195,65,65,90,0,110,115,190,0,85,65,4,5,7,8,3,1,2,6,1,0,7,5,7,1,0,8,2,8,1,0,3,5,3,1,0,1,4,1,1,0,6,4,6,0,6,3,4,6,1,0,8,4,8,1,0,5,5,5,115,190,85,65,110,90,0,0,Graduate degree (MA/MSc/MPhil/other),3,"£16,000 - £19,999",Yes,United Kingdom,No,Full-Time,0,0,0,0,0,17500,0,0,0,0,0,0,0,17500
803,57655a2aea19ef00016351cf,0,50,2,0,0,,2.6,1,1.22925520973182,0.600435002109369,0.872614922898746,D,D,P,P,D,D,P,P,451,0,6,3,5,6,1,,8,1,8,0,6,6,5,6,0,7,7,5,7,0,5,8,5,5,0,7,5,4,7,1,,3,4,3,1,,1,5,1,0,"1,2",,,D,D,P,P,D,D,P,P,0,0,0,2,10,9,6,4,4,2,7,2.7,2,220,90,90,170,55,170,175,110,110,205,115,115,190,45,45,210,40,40,225,85,85,195,65,65,90,0,110,115,45,40,85,65,7,2,8,1,5,6,3,4,1,0,3,4,3,1,0,8,1,8,1,0,1,5,1,0,6,3,5,6,0,5,8,5,5,0,7,5,4,7,0,6,6,5,6,0,7,7,5,7,85,0,65,90,45,40,110,115,Undergraduate degree (BA/BSc/other),3,"£10,000 - £15,999",No,United Kingdom,No,Full-Time,0,0,0,12500,0,0,0,0,0,0,0,0,0,12500
915,5766788c3d2d3a000138b0ef,1,36,1,1,0,,3.16,1,1.13548401425797,0.438405303858953,0.67624635348947,D,D,P,P,D,D,P,P,373,0,6,3,5,6,0,4,8,5,4,0,6,6,5,6,0,7,7,5,7,0,5,8,5,5,0,7,5,5,7,0,3,3,5,3,0,1,1,5,1,0,"4,5",,,D,D,P,P,D,D,P,P,0,0,0,8,2,3,6,1,3,4,4,1,3,220,90,90,170,55,55,175,110,110,205,115,115,190,45,45,210,40,40,225,85,85,195,65,65,0,55,0,115,45,0,85,65,7,5,4,2,3,6,8,1,0,3,3,5,3,0,5,8,5,5,0,7,7,5,7,0,4,8,5,4,0,6,6,5,6,0,7,5,5,7,0,1,1,5,1,0,6,3,5,6,85,45,115,55,0,0,65,0,Undergraduate degree (BA/BSc/other),6,"£60,000 - £69,999",No,United Kingdom,No,Full-Time,0,0,0,0,0,0,65000,0,0,0,0,0,0,65000
1136,57c57ea095a3ea00016e5a14,1,35,0,0,0,,7.4,1,0.307943969225661,1.31965350115357,0.640059759795159,P,P,P,P,P,P,P,P,574,0,2,6,4,2,1,,4,3,4,1,,6,5,6,1,,7,5,7,1,,5,1,5,0,4,7,4,4,0,3,3,3,3,1,,1,1,1,1,2,,,P,P,P,P,P,P,P,P,0,0,0,10,2,1,7,7,4,9,6,1,4,220,90,85,170,55,55,175,110,110,205,115,115,190,45,45,210,40,40,225,85,85,195,65,65,85,55,110,115,0,40,85,0,8,6,4,1,3,5,7,2,1,0,1,1,1,0,4,7,4,4,1,0,7,5,7,0,2,6,4,2,1,0,6,5,6,1,0,5,1,5,0,3,3,3,3,1,0,4,3,4,0,40,115,85,110,0,85,55,Technical/community college,4,"£30,000 - £39,999",No,United Kingdom,No,Full-Time,0,35000,0,0,0,0,0,0,0,0,0,0,0,35000
1097,57deea8589fea700017296dc,0,63,0,1,2,,3.64,1,4.65795833461187,0.0415548467947838,1.11828406245445,D,D,D,D,D,D,D,D,446,1,,3,4,3,1,,8,3,8,1,,6,3,6,0,5,7,3,5,0,5,8,3,5,0,5,5,3,5,1,,3,3,3,0,3,1,3,3,1,2,,,D,D,P,P,D,D,P,P,1,2,0,4,10,6,8,2,3,2,6,1,1,220,90,220,170,55,170,175,110,110,205,115,115,190,45,45,210,40,210,225,85,85,195,65,65,220,0,110,115,45,0,85,0,4,7,8,3,2,6,1,5,0,5,7,3,5,1,0,3,3,3,0,3,1,3,3,1,0,6,3,6,1,0,8,3,8,0,5,5,3,5,1,0,3,4,3,0,5,8,3,5,115,85,0,110,0,0,220,45,Undergraduate degree (BA/BSc/other),6,"£30,000 - £39,999",No,United Kingdom,No,Full-Time,0,35000,0,0,0,0,0,0,0,0,0,0,0,35000
735,583fe092d639d0000142fb2e,0,53,0,1,1,,3.54,1,1.11629729587807,0.843847698175805,1.13180697455037,P,D,P,P,P,D,P,P,354,1,,3,2,3,1,,8,2,8,1,,6,2,6,1,,7,4,7,1,,8,4,8,1,,5,3,5,1,,3,3,3,1,,1,3,1,1,"2,5",,,D,D,P,P,D,D,P,P,1,1,0,9,10,8,2,9,1,4,2,2.7,2,220,90,220,170,55,170,175,110,110,205,115,115,190,45,190,210,40,210,225,85,85,195,65,65,0,0,0,115,190,0,85,65,6,4,8,1,2,5,3,7,1,0,5,3,5,1,0,7,4,7,1,0,1,3,1,1,0,3,2,3,1,0,8,2,8,1,0,8,4,8,1,0,6,2,6,1,0,3,3,3,0,115,65,0,0,190,0,85,Doctorate degree (PhD/other),6,"£60,000 - £69,999",Yes,United Kingdom,No,Full-Time,0,0,0,0,0,0,65000,0,0,0,0,0,0,65000
1189,5847e60f73170700013697c6,0,37,0,0,0,,3.34,1,1.57070912754641,0.34378332235754,0.363183837153848,D,D,D,D,D,D,D,D,479,0,4,3,4,4,0,4,8,4,4,0,6,5,4,6,0,3,2,4,3,0,5,8,4,5,1,,5,2,5,1,,4,2,4,0,1,8,4,1,0,2,,,D,D,D,D,D,D,D,D,0,0,0,10,10,5,7,10,7,5,1,1.9,3,220,90,90,170,55,55,175,110,110,205,115,110,190,45,45,210,40,210,225,85,225,195,65,65,85,55,0,110,45,0,0,65,2,6,5,1,7,8,4,3,0,4,8,4,4,1,0,5,2,5,0,5,8,4,5,0,4,3,4,4,1,0,4,2,4,0,1,8,4,1,0,3,2,4,3,0,6,5,4,6,55,0,45,85,0,65,110,0,Undergraduate degree (BA/BSc/other),5,"£40,000 - £49,999",Yes,United Kingdom,No,Full-Time,0,0,0,0,45000,0,0,0,0,0,0,0,0,45000
1103,584d88ee6a3e990001bf1b67,1,44,0,0,0,I found the study a lot more challenging than I thought I would. Possibly because I'm feeling quite tired after a difficult day at work. I look forward to completing Part 2.,3.36,1,1.38848997653785,0.15326683854441,0.351886156759838,D,D,D,D,D,D,D,D,478,0,6,3,5,6,0,1,8,1,1,0,4,5,5,4,0,7,2,5,7,0,5,8,4,5,0,7,5,4,7,0,5,4,5,5,1,,8,1,8,0,5,,,D,D,D,D,D,D,D,D,0,0,0,5,5,7,8,5,9,6,10,2.8,4,220,90,90,170,55,170,175,110,105,205,115,115,190,45,45,210,40,40,225,85,85,195,65,195,90,0,105,115,45,40,85,0,8,4,5,6,7,3,1,2,1,0,8,1,8,0,7,2,5,7,0,5,8,4,5,0,7,5,4,7,0,5,4,5,5,0,4,5,5,4,0,6,3,5,6,0,1,8,1,1,0,115,45,40,85,105,90,0,Doctorate degree (PhD/other),5,Rather not say,Yes,United Kingdom,No,Full-Time,0,0,0,0,0,0,0,0,0,0,0,0,0,0
857,58584aa98604ae000165e633,1,52,0,0,0,,2.8,1,1.6620752483581,0.0913215579367768,0.825279666757633,D,D,P,P,D,D,P,P,985,0,4,3,5,4,0,2,8,5,2,0,6,6,5,6,0,1,7,5,1,0,5,8,5,5,0,7,5,5,7,0,5,3,5,5,0,7,1,5,7,0,"2,4,5",,,D,D,P,P,D,D,P,P,0,0,0,7,5,9,3,8,4,9,5,1.9,1,220,90,90,170,55,55,175,110,110,205,115,115,190,45,45,210,40,40,225,85,85,195,65,65,85,45,110,0,45,40,75,55,2,3,7,4,5,1,8,6,0,2,8,5,2,0,6,6,5,6,0,5,3,5,5,0,1,7,5,1,0,5,8,5,5,0,4,3,5,4,0,7,1,5,7,0,7,5,5,7,45,110,75,0,45,85,55,40,High school diploma/A-levels,3,"£10,000 - £15,999",No,United Kingdom,No,Full-Time,0,0,0,12500,0,0,0,0,0,0,0,0,0,12500
964,588d4876b08cc30001b77a5e,1,58,0,0,2,,2.68,1,1.91086260802819,0.305081010413286,0.247461272466539,D,D,D,D,D,D,D,D,577,1,,3,4,3,1,,8,3,8,0,6,6,4,6,0,1,7,3,1,1,,8,3,8,0,4,5,3,4,1,,3,2,3,0,5,1,3,5,0,5,,,D,D,P,P,D,D,P,P,0,0,1,3,5,9,10,3,2,7,8,1,2,220,90,220,170,55,170,175,110,110,205,115,115,190,45,190,210,40,40,225,85,85,195,65,60,220,0,110,115,0,40,0,60,1,5,6,8,3,7,2,4,1,0,3,4,3,1,0,8,3,8,0,4,5,3,4,0,5,1,3,5,0,6,6,4,6,1,0,3,2,3,1,0,8,3,8,0,1,7,3,1,220,0,40,60,110,0,0,115,Secondary education (e.g. GED/GCSE),5,"£70,000 - £79,999",No,United Kingdom,No,Part-Time,0,0,75000,0,0,0,0,0,0,0,0,0,0,75000
905,58ee2f5ec31d4d00015aa0eb,0,53,1,0,2,No comments,2.8,1,0.538563972809988,0.420764465312661,0.300211385195709,D,D,P,P,D,D,P,D,461,0,6,3,3,6,0,4,8,3,4,0,6,6,3,6,0,7,7,3,7,0,5,8,4,5,0,4,5,3,4,0,3,3,4,3,0,1,8,4,1,0,1,,No further comments,D,D,P,P,D,D,P,D,0,0,0,2,10,4,2,9,1,7,2,3.2,3,220,90,90,170,55,55,175,110,110,205,115,115,190,45,45,210,40,40,225,85,85,195,65,65,90,55,110,115,0,0,0,65,8,7,3,4,6,5,1,2,0,1,8,4,1,0,3,3,4,3,0,6,6,3,6,0,7,7,3,7,0,4,5,3,4,0,5,8,4,5,0,6,3,3,6,0,4,8,3,4,65,0,110,115,0,0,90,55,Technical/community college,6,"£40,000 - £49,999",No,United Kingdom,No,Full-Time,0,0,0,0,45000,0,0,0,0,0,0,0,0,45000
1546,58ff31a1d10e2b000108579e,0,55,3,0,1,,3.54,1,0.809023792096619,0.757459953339308,1.00244015648176,P,P,P,P,P,P,P,P,521,1,,6,3,6,1,,4,5,4,0,2,6,5,2,0,7,7,5,7,1,,5,5,5,1,,7,4,7,1,,3,5,3,1,,1,2,1,1,"1,2,6",The short time allowed to assess the options makes it hard for me to assess them,,P,P,P,P,P,P,P,P,0,0,0,8,7,4,7,3,2,2,6,1.9,4,220,90,90,170,55,55,175,110,110,205,115,115,190,45,45,210,40,40,225,85,85,195,65,65,0,55,110,115,45,40,85,0,3,2,4,5,6,7,1,8,0,2,6,5,2,1,0,4,5,4,0,7,7,5,7,1,0,5,5,5,1,0,7,4,7,1,0,3,5,3,1,0,6,3,6,1,0,1,2,1,110,55,115,45,40,85,0,0,Doctorate degree (PhD/other),5,"Less than £10,000",Yes,United Kingdom,No,Part-Time,0,0,0,0,0,0,0,5000,0,0,0,0,0,5000
796,590203d0fb96b90001dddae0,0,42,1,0,0,,3.58,1,1.09725186464209,0.410265284450012,0.558002470026501,D,D,P,P,D,D,P,D,946,1,,3,3,3,0,6,8,2,6,0,6,6,4,6,0,7,7,4,7,0,5,8,4,5,1,,5,1,5,0,1,3,3,1,0,1,1,4,1,0,2,,,D,D,P,P,D,D,P,P,0,0,0,2,6,4,3,6,8,8,8,3.2,1,220,90,220,170,55,55,175,110,110,205,115,115,190,45,45,210,40,210,225,85,80,195,65,65,0,55,110,0,45,0,80,65,1,7,2,6,3,8,4,5,1,0,3,3,3,0,1,3,3,1,0,6,8,2,6,1,0,5,1,5,0,6,6,4,6,0,1,1,4,1,0,7,7,4,7,0,5,8,4,5,0,80,55,0,110,65,0,45,Undergraduate degree (BA/BSc/other),3,"Less than £10,000",Yes,United Kingdom,No,Unemployed (and job seeking),0,0,0,0,0,0,0,5000,0,0,0,0,0,5000
1121,59025280d17178000141a7dd,1,55,0,0,0,,4,1,1.42893954831095,0.282633868555654,0.363688574507017,D,D,D,D,D,D,D,D,481,1,,3,5,3,1,,8,1,8,1,,6,5,6,0,1,7,4,1,1,,8,1,8,1,,5,1,5,1,,3,2,3,0,3,1,1,3,1,5,,,D,D,P,P,D,D,P,P,0,0,0,3,9,1,6,10,2,7,10,1,2,220,90,220,170,55,170,175,110,110,205,115,115,190,45,190,210,40,210,225,85,85,195,65,65,220,0,110,105,0,210,0,0,2,5,4,8,1,3,7,6,1,0,8,1,8,1,0,8,1,8,0,1,7,4,1,0,3,1,1,3,1,0,3,5,3,1,0,6,5,6,1,0,3,2,3,1,0,5,1,5,0,0,105,0,220,110,0,210,Undergraduate degree (BA/BSc/other),5,"£10,000 - £15,999",No,United Kingdom,No,Full-Time,0,0,0,12500,0,0,0,0,0,0,0,0,0,12500
1319,59400de88fcebc0001075a41,1,47,0,1,0,,8,1,1.62474536333604,0.413695931651018,0.522127872917343,D,D,D,D,D,D,D,D,526,1,,3,5,3,0,1,8,2,1,0,4,6,5,4,1,,7,5,7,1,,8,5,8,1,,5,5,5,0,7,3,5,7,0,7,1,5,7,1,5,,,D,D,P,P,D,D,P,P,1,0,1,10,2,4,4,4,2,8,8,5.4,2,220,90,220,170,55,170,175,110,105,205,115,115,190,45,190,210,40,210,225,85,85,195,65,65,220,0,105,115,190,210,85,65,1,2,7,3,8,6,4,5,1,0,3,5,3,0,1,8,2,1,0,7,3,5,7,0,4,6,5,4,0,7,1,5,7,1,0,5,5,5,1,0,7,5,7,1,0,8,5,8,220,0,85,105,65,210,115,190,Technical/community college,4,"£20,000 - £29,999",No,United Kingdom,No,Full-Time,25000,0,0,0,0,0,0,0,0,0,0,0,0,25000
1097,59479251f236120001ecf9a2,0,54,2,4,2,,2.76,1,1.1076360077586,0.264786219079709,0.485897337620999,D,D,P,P,D,D,D,D,458,0,6,3,4,6,0,6,8,4,6,0,2,6,4,2,1,,7,4,7,0,1,8,4,1,0,6,5,4,6,0,3,4,4,3,1,,8,2,8,0,2,,,D,D,P,P,D,D,D,D,0,0,0,3,10,10,3,2,5,8,3,2.8,3,220,90,90,170,55,55,175,110,110,205,115,115,190,45,45,210,40,40,225,85,85,195,65,195,90,55,100,0,45,40,85,0,2,8,1,6,5,4,7,3,0,6,8,4,6,1,0,8,2,8,0,6,3,4,6,0,6,5,4,6,0,1,8,4,1,1,0,7,4,7,0,3,4,4,3,0,2,6,4,2,55,0,90,40,45,0,85,100,High school diploma/A-levels,5,"£30,000 - £39,999",No,United Kingdom,No,Part-Time,0,35000,0,0,0,0,0,0,0,0,0,0,0,35000
2705,595e7974af78da0001a21c3a,1,47,1,0,0,,2.24,1,0.968787458815237,0.408818577820411,0.276490743791374,D,D,D,D,D,D,D,D,539,1,,3,1,3,0,6,8,4,6,1,,5,4,5,0,7,2,3,7,0,5,8,4,5,1,,5,3,5,0,1,4,5,1,1,,8,2,8,0,2,,,D,D,D,D,D,D,D,D,0,0,0,5,3,5,3,6,6,3,8,4.5,4,220,90,220,170,55,55,175,110,175,205,115,115,190,45,45,210,40,210,225,85,80,195,65,195,0,55,175,0,45,210,80,0,3,5,8,2,6,1,7,4,1,0,5,4,5,0,5,8,4,5,1,0,8,2,8,0,6,8,4,6,1,0,5,3,5,1,0,3,1,3,0,1,4,5,1,0,7,2,3,7,175,45,0,55,210,0,80,0,Undergraduate degree (BA/BSc/other),3,"£90,000 - £99,999",Yes,United Kingdom,No,DATA_EXPIRED,0,0,0,0,0,0,0,0,95000,0,0,0,0,95000
1445,596e000bfb7959000162f52f,1,39,1,0,0,,3.2,1,2.27019951234118,0.114501406375595,1.02084045129051,D,D,P,P,D,D,P,D,457,0,6,3,4,6,1,,8,3,8,0,6,6,5,6,1,,7,4,7,1,,8,2,8,0,7,5,5,7,0,3,3,5,3,1,,1,5,1,0,2,,,D,D,P,P,D,D,P,P,0,0,0,4,9,5,8,2,8,4,2,1,1,220,90,90,170,55,170,175,110,110,205,115,115,190,45,190,210,40,40,225,85,85,195,65,65,0,0,0,115,0,40,85,65,8,5,4,2,1,6,7,3,1,0,1,5,1,1,0,8,2,8,1,0,7,4,7,1,0,8,3,8,0,6,3,4,6,0,7,5,5,7,0,3,3,5,3,0,6,6,5,6,65,0,115,0,0,40,85,0,Technical/community college,3,"£40,000 - £49,999",No,United Kingdom,Yes,Part-Time,0,0,0,0,45000,0,0,0,0,0,0,0,0,45000
782,596e1edd39e9d00001b7bb98,0,47,1,0,0,,3.1,1,0.971374759555257,0.211895754916572,0.619144855880873,D,D,P,P,D,D,P,P,413,1,,3,1,3,1,,8,1,8,1,,6,3,6,0,1,7,5,1,0,5,8,3,5,1,,5,1,5,0,1,3,5,1,0,1,1,5,1,0,2,,,D,D,P,P,D,D,P,P,0,0,0,7,2,8,8,6,4,3,4,2.6,2,220,90,220,170,55,170,175,110,110,205,115,115,190,45,45,210,40,210,225,85,80,195,65,65,0,0,0,110,45,0,80,65,2,3,6,1,5,4,8,7,1,0,8,1,8,1,0,6,3,6,1,0,5,1,5,1,0,3,1,3,0,5,8,3,5,0,1,7,5,1,0,1,1,5,1,0,1,3,5,1,0,0,0,0,45,110,65,80,Technical/community college,4,"£30,000 - £39,999",No,United Kingdom,No,Full-Time,0,35000,0,0,0,0,0,0,0,0,0,0,0,35000
695,5975ea651a800200011cd0f7,0,40,1,0,0,,2.4,1,1.30022306487211,0.365492657303793,0.233001587739275,D,D,D,D,D,D,D,D,362,1,,3,5,3,1,,8,3,8,1,,6,5,6,1,,7,5,7,1,,8,3,8,1,,5,3,5,1,,3,3,3,1,,1,4,1,1,2,,,D,D,P,P,D,D,P,P,0,0,0,3,8,7,2,8,10,5,8,2.3,2,220,90,220,170,55,170,175,110,110,205,115,115,190,45,190,210,40,210,225,85,85,195,65,65,220,0,110,115,0,0,0,65,4,2,3,7,5,8,1,6,1,0,7,5,7,1,0,8,3,8,1,0,6,5,6,1,0,3,3,3,1,0,8,3,8,1,0,1,4,1,1,0,3,5,3,1,0,5,3,5,115,0,110,0,0,65,220,0,Graduate degree (MA/MSc/MPhil/other),7,"£20,000 - £29,999",No,United Kingdom,No,Full-Time,25000,0,0,0,0,0,0,0,0,0,0,0,0,25000
801,5977986837d15f00016f1d08,1,47,1,0,0,,4,1,1.08597608691578,0.588300650588718,0.766061211292359,D,D,P,P,D,D,P,P,400,0,6,3,5,6,0,6,8,1,6,0,6,6,5,6,0,1,7,5,1,0,5,8,3,5,0,7,5,4,7,0,3,3,5,3,0,1,1,5,1,0,"1,2,5",,,D,D,P,P,D,D,P,P,0,0,0,2,1,10,9,7,4,9,10,1,4,220,90,90,170,55,55,175,110,110,205,115,115,190,45,45,210,40,40,225,85,85,195,65,65,90,0,110,105,0,40,85,65,2,3,4,7,5,6,1,8,0,6,8,1,6,0,6,6,5,6,0,1,7,5,1,0,3,3,5,3,0,5,8,3,5,0,7,5,4,7,0,6,3,5,6,0,1,1,5,1,0,110,105,85,0,40,90,65,Undergraduate degree (BA/BSc/other),5,"£60,000 - £69,999",No,United Kingdom,No,Full-Time,0,0,0,0,0,0,65000,0,0,0,0,0,0,65000
1049,59a7cfeb7ff2320001ec59d9,1,53,1,0,0,,3.16,1,0.77971491850412,1.11620911782211,0.640888522947796,D,D,P,P,D,D,P,D,451,0,4,3,3,4,1,,8,1,8,0,5,6,1,5,1,,7,5,7,1,,8,1,8,0,7,5,4,7,0,3,3,4,3,0,1,8,4,1,0,"1,2",,,D,D,P,P,D,D,P,D,0,0,0,3,2,5,7,4,7,5,8,1.8,3,220,90,90,170,55,170,175,110,175,205,115,115,190,45,190,210,40,40,225,85,85,195,65,65,90,0,175,115,190,40,0,65,3,4,5,1,2,7,8,6,0,5,6,1,5,1,0,7,5,7,1,0,8,1,8,0,4,3,3,4,1,0,8,1,8,0,3,3,4,3,0,1,8,4,1,0,7,5,4,7,175,115,190,90,0,0,65,40,Undergraduate degree (BA/BSc/other),4,"£30,000 - £39,999",No,United Kingdom,No,Full-Time,0,35000,0,0,0,0,0,0,0,0,0,0,0,35000
2545,59b6e6ddb269ef00018018c6,0,57,1,0,0,Interesting study.,2.8,1,0.873057550012608,1.04502297940797,0.567746656095381,D,D,P,D,D,D,D,D,698,0,6,3,1,6,0,3,8,1,3,0,6,6,5,6,1,,2,1,2,0,3,8,3,3,0,4,5,3,4,1,,4,5,4,1,,8,1,8,0,"2,5",,Great study.,D,D,P,D,D,D,D,D,0,0,0,6,8,2,4,10,4,3,2,1,4,220,90,90,170,55,165,175,110,110,205,115,205,190,45,40,210,40,40,225,85,225,195,65,195,0,0,110,0,40,40,225,0,2,5,6,3,1,4,7,8,0,3,8,1,3,0,3,8,3,3,0,4,5,3,4,0,6,6,5,6,0,6,3,1,6,1,0,2,1,2,1,0,4,5,4,1,0,8,1,8,0,40,40,110,0,0,225,0,Undergraduate degree (BA/BSc/other),6,"£30,000 - £39,999",Yes,United Kingdom,No,Full-Time,0,35000,0,0,0,0,0,0,0,0,0,0,0,35000
927,59bd9d450ac77f0001f058cb,0,25,1,0,0,,2.44,1,1.02097156502899,0.693057058177167,0.2881731174343,D,D,D,D,D,D,D,D,473,0,6,3,4,6,0,4,8,3,4,0,6,6,4,6,0,7,7,4,7,0,5,8,3,5,0,7,5,3,7,0,3,3,4,3,0,1,1,3,1,0,"2,4,5",,,D,D,P,P,D,D,P,P,0,0,0,6,7,3,6,2,6,4,1,1.9,1,220,90,90,170,55,55,175,110,110,205,115,115,190,45,45,210,40,40,225,85,85,195,65,65,0,55,0,115,45,0,85,65,4,2,3,8,6,5,7,1,0,7,7,4,7,0,4,8,3,4,0,6,6,4,6,0,1,1,3,1,0,7,5,3,7,0,5,8,3,5,0,3,3,4,3,0,6,3,4,6,115,55,0,65,0,45,85,0,Graduate degree (MA/MSc/MPhil/other),6,"£30,000 - £39,999",No,United Kingdom,No,Full-Time,0,35000,0,0,0,0,0,0,0,0,0,0,0,35000
1087,59d949cf8fd07a000184247e,1,38,1,0,0,,2.56,1,1.31359330212818,0.239956765076364,0.212622286289701,D,D,D,D,D,D,D,D,458,0,4,3,3,4,0,4,8,2,4,1,,6,4,6,1,,7,5,7,1,,8,1,8,1,,5,2,5,0,3,3,4,3,0,1,1,4,1,0,1,,,D,D,P,P,D,D,P,P,0,0,0,3,1,9,4,5,3,3,10,1,2,220,90,90,170,55,55,175,110,110,205,115,115,190,45,190,210,40,210,225,85,85,195,65,65,90,0,110,115,0,0,85,65,4,6,8,1,5,7,2,3,1,0,7,5,7,1,0,5,2,5,0,1,1,4,1,0,4,3,3,4,1,0,8,1,8,0,3,3,4,3,0,4,8,2,4,1,0,6,4,6,115,0,65,90,0,85,0,110,Undergraduate degree (BA/BSc/other),4,"£20,000 - £29,999",No,United Kingdom,No,Full-Time,25000,0,0,0,0,0,0,0,0,0,0,0,0,25000
1243,59da1d19e2762800015eb7a2,1,39,0,4,4,,3.9,1,0.999986968056437,0.0526334706162864,6.03019774515703E-07,D,D,D,D,D,D,D,D,605,1,,3,2,3,0,4,8,3,4,1,,5,2,5,0,1,2,4,1,0,7,8,3,7,0,6,5,3,6,0,1,4,3,1,0,1,8,4,1,0,2,,"I think I could choose a better range of numbers myself, but the time did go very quickly before I could double check.",D,D,D,D,D,D,D,D,0,0,1,5,9,10,10,1,7,3,2,1.9,3,220,90,220,170,55,55,175,110,175,205,115,115,190,45,45,210,40,40,225,85,80,195,65,65,0,55,0,115,45,40,80,65,7,1,8,2,5,3,4,6,0,1,4,3,1,1,0,3,2,3,0,1,8,4,1,0,4,8,3,4,0,7,8,3,7,1,0,5,2,5,0,1,2,4,1,0,6,5,3,6,80,0,65,55,45,0,115,40,Graduate degree (MA/MSc/MPhil/other),7,"£60,000 - £69,999",No,United Kingdom,No,Part-Time,0,0,0,0,0,0,65000,0,0,0,0,0,0,65000
2046,59e7eb5d62637600014a7db2,1,72,0,0,0,No problems.,2,1,1.08464264092753,0.666823378392017,0.767975105644009,D,D,P,P,D,D,P,P,622,0,6,3,4,6,0,4,8,4,4,1,,6,5,6,1,,7,5,7,1,,8,1,8,1,,5,2,5,1,,3,5,3,1,,1,5,1,0,"1,2",,,D,D,P,P,D,D,P,P,0,0,0,1,10,8,7,5,1,10,2,1,1,220,90,90,170,55,55,175,110,110,205,115,115,190,45,190,210,40,210,225,85,85,195,65,65,90,55,0,115,0,0,85,65,3,7,6,2,1,8,4,5,1,0,6,5,6,1,0,3,5,3,1,0,5,2,5,0,4,8,4,4,0,6,3,4,6,1,0,1,5,1,1,0,7,5,7,1,0,8,1,8,0,85,0,55,90,65,115,0,Secondary education (e.g. GED/GCSE),6,"£30,000 - £39,999",No,United Kingdom,No,Part-Time,0,35000,0,0,0,0,0,0,0,0,0,0,0,35000
1663,59edbd25ac0af70001b36f94,0,66,1,0,0,,4,1,0.646875457032436,1.0049561485427,0.661283638337772,D,D,P,P,D,D,P,P,580,0,2,3,4,2,0,2,8,4,2,1,,6,5,6,1,,7,5,7,1,,8,2,8,0,4,5,3,4,1,,3,4,3,0,1,1,5,1,0,2,,,D,D,P,P,D,D,P,P,1,0,0,9,6,1,9,8,8,5,4,2,2,220,90,85,170,55,55,175,110,110,205,115,115,190,45,190,210,40,40,225,85,85,195,65,65,85,50,110,115,0,40,0,65,4,3,5,7,2,6,8,1,1,0,7,5,7,1,0,6,5,6,1,0,8,2,8,1,0,3,4,3,0,2,8,4,2,0,4,5,3,4,0,1,1,5,1,0,2,3,4,2,115,110,0,0,50,40,65,85,Technical/community college,3,"£20,000 - £29,999",Yes,United Kingdom,No,Part-Time,25000,0,0,0,0,0,0,0,0,0,0,0,0,25000
1731,59f88f6eb47dfc0001b661ef,1,31,0,0,1,,2,1,36.5186659162924,0.178961277500065,9.33712250643596,D,D,D,D,D,D,D,D,447,0,6,3,4,6,0,4,8,4,4,0,5,5,3,5,0,7,2,4,7,0,5,8,4,5,1,,5,3,5,0,3,4,4,3,1,,8,2,8,0,"2,5",,,D,D,D,D,D,D,D,D,0,0,1,5,7,7,1,9,6,4,8,2.7,3,220,90,90,170,55,55,175,110,175,205,115,115,190,45,45,210,40,210,225,85,85,195,65,195,90,55,175,0,0,210,85,0,5,2,6,8,3,4,1,7,0,5,8,4,5,0,4,8,4,4,1,0,5,3,5,1,0,8,2,8,0,5,5,3,5,0,7,2,4,7,0,6,3,4,6,0,3,4,4,3,0,55,210,0,175,0,90,85,Graduate degree (MA/MSc/MPhil/other),5,"£40,000 - £49,999",No,United Kingdom,No,Full-Time,0,0,0,0,45000,0,0,0,0,0,0,0,0,45000
1968,59fabb7e38ed430001be6965,0,51,0,0,0,None,3.04,1,2.55241335584752,0.0960936221238636,0.440878851562572,D,D,D,D,D,D,D,D,424,0,4,3,4,4,1,,8,4,8,0,6,6,4,6,0,7,7,4,7,1,,8,3,8,1,,5,4,5,0,3,3,4,3,1,,1,5,1,0,4,,None,D,D,P,P,D,D,P,P,0,0,0,10,4,8,6,1,5,10,5,1,1,220,90,90,170,55,170,175,110,110,205,115,115,190,45,190,210,40,210,225,85,85,195,65,65,85,170,0,115,0,0,85,65,1,7,4,3,6,2,8,5,0,4,3,4,4,0,3,3,4,3,0,7,7,4,7,0,6,6,4,6,1,0,5,4,5,1,0,8,4,8,1,0,1,5,1,1,0,8,3,8,85,85,115,0,0,170,65,0,Secondary education (e.g. GED/GCSE),3,"£10,000 - £15,999",No,United Kingdom,No,Full-Time,0,0,0,12500,0,0,0,0,0,0,0,0,0,12500
935,59fc8a30087f2e0001ead66d,1,56,5,5,3,,2.98,1,2.75328330909783,0.0600704861280781,1.42454589847265,D,D,P,P,D,D,P,P,576,1,,3,5,3,0,6,8,1,6,1,,6,5,6,1,,7,4,7,1,,8,1,8,0,7,5,4,7,0,5,3,5,5,1,,1,4,1,1,2,,Interesting.. you get more emotional about the outcome when you choose yourself and get nothing but it doesn't feel so bad when the computer does it.  Based my decision on more chances to win instread of thinking I might get a high number. ,D,D,P,P,D,D,P,P,0,0,0,3,7,3,9,6,7,10,1,2.7,2,220,90,220,170,55,55,175,110,110,205,115,115,190,45,190,210,40,40,225,85,85,195,65,65,220,0,0,115,0,40,85,65,1,8,3,4,7,5,6,2,1,0,3,5,3,1,0,1,4,1,1,0,6,5,6,1,0,7,4,7,0,5,3,5,5,1,0,8,1,8,0,7,5,4,7,0,6,8,1,6,220,65,0,115,85,0,40,0,Technical/community college,4,"£30,000 - £39,999",No,United Kingdom,No,Full-Time,0,35000,0,0,0,0,0,0,0,0,0,0,0,35000
2139,5a049dd65d06850001aff4f9,1,53,1,1,0,,6.2,1,1.25461955119944,0.468961252574392,0.579517037448017,D,D,P,D,D,D,D,D,572,0,2,3,5,2,1,,8,2,8,0,4,6,5,4,0,3,2,5,3,0,5,8,5,5,0,2,5,4,2,1,,4,3,4,0,1,8,5,1,0,2,,,D,D,P,D,D,D,D,D,0,0,0,3,2,2,4,5,6,10,8,3.1,3,220,90,85,170,55,170,175,110,105,205,115,110,190,45,45,210,40,35,225,85,225,195,65,65,85,0,105,110,45,0,0,65,7,2,6,3,1,8,4,5,1,0,4,3,4,1,0,8,2,8,0,2,5,4,2,0,4,6,5,4,0,2,3,5,2,0,1,8,5,1,0,3,2,5,3,0,5,8,5,5,0,0,0,105,85,65,110,45,Secondary education (e.g. GED/GCSE),4,"£16,000 - £19,999",No,United Kingdom,No,Full-Time,0,0,0,0,0,17500,0,0,0,0,0,0,0,17500
1166,5a2ea69555ff700001ab7c81,0,39,0,0,0,,5.6,1,0.856491004356496,0.658079723510198,0.596263481313722,D,D,P,P,D,D,P,P,471,1,,3,5,3,1,,8,1,8,1,,6,5,6,1,,7,4,7,1,,8,1,8,0,7,5,5,7,1,,3,5,3,1,,1,3,1,1,5,,,D,D,P,P,D,D,P,P,0,0,0,3,6,1,6,6,1,10,8,3.3,4,220,90,220,170,55,170,175,110,110,205,115,115,190,45,190,210,40,40,225,85,85,195,65,65,220,0,110,115,0,40,85,65,2,1,8,5,4,7,3,6,1,0,8,1,8,1,0,3,5,3,1,0,1,3,1,1,0,8,1,8,1,0,7,4,7,1,0,3,5,3,1,0,6,5,6,0,7,5,5,7,0,220,65,0,115,85,110,40,Undergraduate degree (BA/BSc/other),4,"£20,000 - £29,999",No,United Kingdom,Yes,Full-Time,25000,0,0,0,0,0,0,0,0,0,0,0,0,25000
1650,5a3adfb705f005000104d2a3,1,40,0,0,0,,2.52,1,1.62760555419839,0.182511008284713,0.797507269029204,D,D,P,P,D,D,P,P,628,1,,3,1,3,1,,8,5,8,0,4,6,5,4,1,,7,5,7,0,5,8,4,5,0,7,5,5,7,1,,3,5,3,1,,1,5,1,1,6,Having studied the answers provided in this task I am fairly confident that the computer would indeed choose very similar to me so would be confident in the result,,D,D,P,P,D,D,P,P,0,0,0,6,1,1,8,5,2,2,10,3.1,4,220,90,220,170,55,170,175,110,105,205,115,115,190,45,45,210,40,40,225,85,85,195,65,65,0,170,105,115,45,40,85,65,1,3,6,4,2,5,7,8,1,0,3,1,3,0,4,6,5,4,0,7,5,5,7,1,0,7,5,7,1,0,8,5,8,0,5,8,4,5,1,0,3,5,3,1,0,1,5,1,0,105,40,115,170,45,85,65,Undergraduate degree (BA/BSc/other),5,"£20,000 - £29,999",No,United Kingdom,No,Full-Time,25000,0,0,0,0,0,0,0,0,0,0,0,0,25000
1709,5a3c0b842f91ec0001dc9bb4,0,52,2,0,1,interesting,3.6,1,1.10169080664505,0.656200543351975,0.494963452186009,D,D,D,D,D,D,D,D,729,1,,3,4,3,1,,8,5,8,1,,6,5,6,1,,7,5,7,1,,8,5,8,1,,5,5,5,0,3,3,3,3,1,,1,5,1,1,2,,enjoyed taking part thank you,D,D,P,P,D,D,P,P,0,0,0,9,9,8,10,7,1,1,10,1,1,220,90,220,170,55,170,175,110,110,205,115,115,190,45,190,210,40,210,225,85,85,195,65,65,0,0,0,115,0,0,85,65,7,5,2,4,1,8,6,3,0,3,3,3,3,1,0,8,5,8,1,0,8,5,8,1,0,7,5,7,1,0,3,4,3,1,0,1,5,1,1,0,5,5,5,1,0,6,5,6,85,0,0,115,0,65,0,0,Secondary education (e.g. GED/GCSE),6,"£30,000 - £39,999",No,United Kingdom,No,Unemployed (and job seeking),0,35000,0,0,0,0,0,0,0,0,0,0,0,35000
973,5a598f2b8e6259000175f094,1,36,1,0,0,,4.4,1,0.723512611653678,0.402800410512432,0.419766988632143,D,D,P,P,D,D,P,P,908,0,3,3,2,3,1,,8,5,8,1,,6,4,6,1,,7,4,7,1,,8,1,8,1,,5,2,5,1,,3,4,3,1,,1,2,1,1,"2,5",,,D,D,P,P,D,D,P,P,0,0,0,6,1,2,2,6,9,1,9,3.3,2,220,90,220,170,55,170,175,110,110,205,115,115,190,45,190,210,40,210,225,85,85,195,65,65,0,170,110,115,0,0,85,0,7,6,4,3,8,5,2,1,1,0,3,4,3,1,0,5,2,5,1,0,7,4,7,1,0,6,4,6,1,0,1,2,1,1,0,8,1,8,1,0,8,5,8,0,3,3,2,3,85,0,115,110,0,0,170,0,Graduate degree (MA/MSc/MPhil/other),4,"£40,000 - £49,999",No,United Kingdom,No,Full-Time,0,0,0,0,45000,0,0,0,0,0,0,0,0,45000
1162,5a5a6318ac5624000153e365,0,49,0,0,0,,2.7,1,1.0720966552034,0.277688319188607,0.424607346654218,D,D,P,D,D,D,D,D,863,0,6,3,4,6,0,5,8,1,5,1,,6,4,6,1,,2,1,2,0,5,8,4,5,0,2,5,3,2,1,,4,1,4,0,5,8,3,5,0,1,,,D,D,P,D,D,D,D,D,0,0,0,1,4,5,5,2,6,8,7,1,3,220,90,90,170,55,170,175,110,110,205,115,205,190,45,45,210,40,35,225,85,225,195,65,60,90,170,0,205,45,0,0,60,5,4,6,1,3,2,7,8,0,5,8,4,5,1,0,2,1,2,0,2,5,3,2,0,6,3,4,6,1,0,6,4,6,0,5,8,1,5,1,0,4,1,4,0,5,8,3,5,45,205,0,90,0,170,0,60,High school diploma/A-levels,5,"£30,000 - £39,999",No,United Kingdom,No,Full-Time,0,35000,0,0,0,0,0,0,0,0,0,0,0,35000
868,5a759683190420000155674e,1,45,0,0,0,,2.64,1,1.45169261380689,0.345183901860806,0.641864619189561,D,D,P,D,D,D,D,D,385,0,2,3,2,2,0,1,8,1,1,0,2,6,4,2,1,,2,1,2,0,5,8,4,5,0,7,5,4,7,1,,4,1,4,1,,8,1,8,0,2,,,D,D,P,D,D,D,D,D,0,1,0,6,9,9,6,1,2,8,1,1,4,220,90,85,170,55,170,175,110,110,205,115,205,190,45,45,210,40,40,225,85,225,195,65,195,0,0,105,0,45,40,0,0,4,7,8,3,5,1,6,2,1,0,2,1,2,1,0,4,1,4,1,0,8,1,8,0,2,6,4,2,0,5,8,4,5,0,2,3,2,2,0,7,5,4,7,0,1,8,1,1,0,0,0,105,45,0,40,0,Graduate degree (MA/MSc/MPhil/other),8,"More than £150,000",No,United Kingdom,Yes,Part-Time,0,0,0,0,0,0,0,0,0,175000,0,0,0,175000
1099,5a75b131eea3d300016ddc70,0,43,0,0,0,,2.4,1,1.20691270227565,1.33271879918636,0.748526456776617,D,D,D,D,D,D,D,D,480,0,4,3,3,4,0,8,8,3,8,0,2,6,4,2,1,,7,1,7,0,5,8,3,5,0,7,5,3,7,0,2,3,3,2,0,7,1,5,7,0,2,,,D,D,P,P,D,D,P,P,0,0,0,4,7,6,7,10,4,8,9,1,1,220,90,90,170,55,170,175,110,110,205,115,115,190,45,45,210,40,40,225,85,225,195,65,65,0,170,100,115,45,40,0,0,4,8,3,1,6,2,7,5,1,0,7,1,7,0,7,1,5,7,0,2,6,4,2,0,4,3,3,4,0,7,5,3,7,0,8,8,3,8,0,2,3,3,2,0,5,8,3,5,115,0,100,0,40,170,0,45,High school diploma/A-levels,6,"£20,000 - £29,999",No,United Kingdom,No,Part-Time,25000,0,0,0,0,0,0,0,0,0,0,0,0,25000
829,5a75d51a0f1bce0001219703,1,66,0,0,0,,3.94,1,3.17429131027916,0.156249224898159,0.520368599066582,D,D,D,D,D,D,D,D,385,1,,3,5,3,1,,8,5,8,0,6,6,5,6,0,7,7,5,7,0,5,8,1,5,1,,5,1,5,0,,3,,3,0,1,1,4,1,0,"2,5",,,D,D,P,P,D,D,P,P,0,0,0,3,1,4,7,9,10,3,7,4.4,2,220,90,220,170,55,170,175,110,110,205,115,115,190,45,45,210,40,210,225,85,85,195,65,65,220,170,110,115,0,0,85,65,8,3,7,2,1,4,5,6,0,1,1,4,1,0,6,6,5,6,0,0,3,0,3,1,0,8,5,8,1,0,3,5,3,0,7,7,5,7,0,5,8,1,5,1,0,5,1,5,65,110,85,170,220,115,0,0,High school diploma/A-levels,6,"£20,000 - £29,999",No,United Kingdom,No,Full-Time,25000,0,0,0,0,0,0,0,0,0,0,0,0,25000
1898,5a771465eea3d300016de2e1,1,53,2,0,0,,2.14,1,1.057679162162,0.164792352441584,0.218808074906331,D,D,D,D,D,D,D,D,1255,1,,3,1,3,0,4,8,4,4,1,,5,1,5,1,,2,1,2,0,7,8,4,7,1,,5,3,5,1,,4,1,4,0,1,8,4,1,0,"1,2",,The computer didn't reflect my risk appetite at all,D,D,D,D,D,D,D,D,0,0,0,8,2,3,10,10,6,10,10,2.1,3,220,90,220,170,55,55,175,110,175,205,115,205,190,45,45,210,40,210,225,85,225,195,65,65,0,55,175,0,45,210,0,65,6,1,4,5,8,3,2,7,1,0,5,3,5,1,0,3,1,3,1,0,2,1,2,0,7,8,4,7,0,1,8,4,1,1,0,5,1,5,0,4,8,4,4,1,0,4,1,4,210,0,0,45,65,175,55,0,Graduate degree (MA/MSc/MPhil/other),6,"£40,000 - £49,999",No,United Kingdom,No,Full-Time,0,0,0,0,45000,0,0,0,0,0,0,0,0,45000
1287,5a89afc90f1bce00012242d8,1,43,1,0,0,,3.6,1,2.64306312924396,0.593401239168645,0.602751262422204,D,D,D,D,D,D,D,D,616,1,,3,1,3,0,7,8,5,7,0,6,5,1,6,0,1,2,5,1,0,3,8,4,3,0,7,5,5,7,0,5,4,4,5,0,1,8,5,1,0,"2,5",,,D,D,D,D,D,D,D,D,0,0,0,9,7,5,2,4,2,8,1,3.2,4,220,90,220,170,55,50,175,110,110,205,115,115,190,45,40,210,40,40,225,85,85,195,65,65,0,50,0,110,40,40,85,65,2,6,1,7,8,4,3,5,0,7,8,5,7,0,7,5,5,7,1,0,3,1,3,0,5,4,4,5,0,1,8,5,1,0,1,2,5,1,0,6,5,1,6,0,3,8,4,3,50,40,0,85,65,110,0,40,Undergraduate degree (BA/BSc/other),4,"£10,000 - £15,999",No,United Kingdom,No,Full-Time,0,0,0,12500,0,0,0,0,0,0,0,0,0,12500
1274,5a9adf93dbdb470001eee5e1,1,50,2,0,0,,2.4,1,1.11699346477352,0.316053056395573,0.454044171381464,D,D,P,D,D,D,D,D,406,1,,3,3,3,1,,8,3,8,1,,6,3,6,1,,7,5,7,1,,8,3,8,1,,5,3,5,1,,3,4,3,1,,1,5,1,1,5,,,D,D,P,P,D,D,P,P,0,0,0,2,2,8,7,1,9,6,1,2.3,1,220,90,220,170,55,170,175,110,110,205,115,115,190,45,190,210,40,210,225,85,85,195,65,65,0,0,0,115,0,0,85,65,7,3,5,4,1,8,2,6,1,0,3,4,3,1,0,6,3,6,1,0,8,3,8,1,0,7,5,7,1,0,3,3,3,1,0,1,5,1,1,0,8,3,8,1,0,5,3,5,85,0,0,115,0,65,0,0,Doctorate degree (PhD/other),7,Rather not say,No,United Kingdom,No,Full-Time,0,0,0,0,0,0,0,0,0,0,0,0,0,0
737,5a9bbda1f6dfdd0001ea9639,1,28,0,0,0,,3.36,1,0.675529609465745,1.030936190964,0.519556508339388,D,D,P,P,D,D,P,D,450,0,2,3,3,2,1,,8,2,8,0,6,6,3,6,0,6,7,1,6,0,5,8,3,5,1,,5,2,5,1,,3,4,3,1,,1,4,1,0,2,,,D,D,P,P,D,D,P,P,0,0,0,10,3,8,4,4,7,7,3,1,2,220,90,85,170,55,170,175,110,110,205,115,205,190,45,45,210,40,210,225,85,85,195,65,65,85,0,0,0,45,0,0,65,4,8,2,1,3,7,6,5,0,6,7,1,6,1,0,1,4,1,1,0,8,2,8,0,2,3,3,2,0,6,6,3,6,1,0,3,4,3,1,0,5,2,5,0,5,8,3,5,0,65,0,85,0,0,0,45,Undergraduate degree (BA/BSc/other),4,"Less than £10,000",Yes,United Kingdom,No,Full-Time,0,0,0,0,0,0,0,5000,0,0,0,0,0,5000
578,5aa8e2fd873cda00012d1f1b,0,37,1,0,0,,3.6,1,2.04069937148542,0.0612325146780492,0.536032053264101,D,D,D,D,D,D,D,D,349,0,6,3,3,6,0,6,8,3,6,0,6,5,3,6,0,7,2,4,7,0,5,8,4,5,0,7,5,4,7,0,3,4,4,3,0,1,8,4,1,0,4,,,D,D,D,D,D,D,D,D,1,0,0,4,4,6,2,7,10,5,4,1,3,220,90,90,170,55,55,175,110,110,205,115,115,190,45,45,210,40,40,225,85,85,195,65,65,0,0,110,115,0,40,0,65,5,3,4,2,1,6,7,8,0,5,8,4,5,0,6,5,3,6,0,7,2,4,7,0,6,8,3,6,0,6,3,3,6,0,7,5,4,7,0,3,4,4,3,0,1,8,4,1,0,110,115,0,0,40,0,65,No formal qualifications,2,"Less than £10,000",No,United Kingdom,No,Other,0,0,0,0,0,0,0,5000,0,0,0,0,0,5000
780,5ab10212fb22320001bacdfe,0,29,1,0,1,No further comments,3.24,1,1.6107629892717,0.297038821720759,0.405718798621574,D,D,D,D,D,D,D,D,358,0,6,3,5,6,0,8,8,2,8,0,6,5,5,6,1,,2,1,2,0,5,8,4,5,0,7,5,4,7,0,2,4,2,2,0,1,8,3,1,0,"2,5",,No comments,D,D,D,D,D,D,D,D,0,0,0,9,8,7,6,5,4,5,6,3.3,4,220,90,90,170,55,170,175,110,110,205,115,205,190,45,45,210,40,40,225,85,225,195,65,65,90,0,110,0,45,40,0,0,1,3,6,4,8,7,5,2,0,6,3,5,6,0,6,5,5,6,0,7,5,4,7,1,0,2,1,2,0,1,8,3,1,0,2,4,2,2,0,5,8,4,5,0,8,8,2,8,90,110,40,0,0,0,45,0,High school diploma/A-levels,6,Rather not say,Yes,United Kingdom,No,Full-Time,0,0,0,0,0,0,0,0,0,0,0,0,0,0
797,5ab782fe47a9f70001539d00,0,57,0,0,1,Nothing to add thank you.,3.58,1,1.03202863454932,0.570096869291372,0.387706569502508,D,D,D,D,D,D,D,D,383,1,,3,4,3,0,3,8,3,3,0,6,6,4,6,1,,7,4,7,0,5,8,4,5,1,,5,2,5,0,4,3,2,4,0,5,1,4,5,0,4,,,D,D,P,P,D,D,P,P,0,0,0,1,9,1,1,8,1,8,2,1,1,220,90,220,170,55,165,175,110,110,205,115,115,190,45,45,210,40,210,225,85,225,195,65,60,0,0,110,0,45,0,0,60,2,1,8,7,4,6,3,5,0,3,8,3,3,1,0,3,4,3,0,5,1,4,5,0,4,3,2,4,1,0,7,4,7,1,0,5,2,5,0,6,6,4,6,0,5,8,4,5,0,0,60,0,0,0,110,45,Undergraduate degree (BA/BSc/other),6,"£40,000 - £49,999",No,United Kingdom,No,Full-Time,0,0,0,0,45000,0,0,0,0,0,0,0,0,45000
1075,5ad8dbe2e34a050001b83eac,1,55,2,0,0,,2.8,1,-2.39797817280341,0.226310811938073,-11.0001046029172,D,D,D,D,D,D,D,D,446,1,,3,2,3,1,,8,4,8,0,4,5,4,4,1,,2,2,2,0,5,8,4,5,1,,5,1,5,0,3,4,5,3,1,,8,4,8,0,5,,,D,D,D,D,D,D,D,D,1,0,0,8,7,7,4,4,3,1,9,2.7,3,220,90,220,170,55,170,175,110,105,205,115,205,190,45,45,210,40,210,225,85,85,195,65,195,0,170,105,0,45,0,85,195,8,2,6,1,5,4,7,3,1,0,8,4,8,1,0,8,4,8,1,0,5,1,5,1,0,3,2,3,0,5,8,4,5,1,0,2,2,2,0,3,4,5,3,0,4,5,4,4,195,170,0,0,45,0,85,105,Technical/community college,7,"£50,000 - £59,999",No,United Kingdom,No,Full-Time,0,0,0,0,0,0,0,0,0,0,55000,0,0,55000
927,5adfaab95f327e0001fb8c8e,1,37,0,0,0,,2.64,1,1.0953932839529,0.337637222540219,0.290742492870074,D,D,D,D,D,D,D,D,385,0,6,3,5,6,0,4,8,5,4,1,,5,1,5,0,7,2,5,7,0,5,8,5,5,1,,5,1,5,0,3,4,5,3,0,3,8,5,3,0,2,,,D,D,D,D,D,D,D,D,0,0,0,10,6,9,9,10,7,9,5,1,4,220,90,90,170,55,55,175,110,175,205,115,115,190,45,45,210,40,210,225,85,85,195,65,65,90,55,0,115,45,0,85,65,3,6,5,7,1,8,2,4,1,0,5,1,5,1,0,5,1,5,0,5,8,5,5,0,3,4,5,3,0,6,3,5,6,0,3,8,5,3,0,4,8,5,4,0,7,2,5,7,0,0,45,85,90,65,55,115,Undergraduate degree (BA/BSc/other),7,"£50,000 - £59,999",No,United Kingdom,No,Part-Time,0,0,0,0,0,0,0,0,0,0,55000,0,0,55000
1185,5ae870c64357bd0001c57edd,0,43,1,0,0,,2.6,1,0.911871531007021,0.586427260673196,0.69694326626337,D,D,P,P,D,D,P,P,438,1,,3,3,3,0,4,8,3,4,0,2,6,4,2,0,1,7,4,1,0,5,8,3,5,0,6,5,3,6,0,3,3,4,3,0,1,1,3,1,0,4,,,D,D,P,P,D,D,P,P,0,0,0,1,6,7,9,5,8,6,3,1.6,1,220,90,220,170,55,55,175,110,110,205,115,115,190,45,45,210,40,40,225,85,85,195,65,65,0,55,110,105,45,30,85,65,1,6,7,2,4,8,5,3,1,0,3,3,3,0,6,5,3,6,0,3,3,4,3,0,4,8,3,4,0,1,7,4,1,0,1,1,3,1,0,5,8,3,5,0,2,6,4,2,0,30,85,55,105,65,45,110,Undergraduate degree (BA/BSc/other),7,"£70,000 - £79,999",No,United Kingdom,No,Full-Time,0,0,75000,0,0,0,0,0,0,0,0,0,0,75000
1023,5af6e439672ea800010d4e92,0,50,0,0,0,none,2.66,1,0.829943977230072,0.622459557702017,0.699730248435501,D,D,P,P,D,D,P,P,483,1,,3,1,3,1,,8,5,8,1,,6,5,6,1,,7,5,7,1,,8,1,8,1,,5,1,5,1,,3,5,3,1,,1,5,1,1,"2,5",,none,D,D,P,P,D,D,P,P,0,0,0,6,7,7,6,8,5,9,5,1,2,220,90,220,170,55,170,175,110,110,205,115,115,190,45,190,210,40,210,225,85,85,195,65,65,0,170,110,115,0,0,85,65,7,1,4,5,3,8,2,6,1,0,3,5,3,1,0,3,1,3,1,0,7,5,7,1,0,8,1,8,1,0,6,5,6,1,0,1,5,1,1,0,8,5,8,1,0,5,1,5,85,0,115,0,110,65,170,0,Graduate degree (MA/MSc/MPhil/other),9,"£80,000 - £89,999",No,United Kingdom,No,Full-Time,0,0,0,0,0,0,0,0,0,0,0,85000,0,85000
864,5b168549f6cef00001428386,0,35,4,3,7,,2.6,1,1.7235414006335,0.14668609919574,0.237576382742196,D,D,D,D,D,D,D,D,555,1,,3,2,3,1,,8,2,8,1,,5,4,5,1,,2,1,2,1,,8,2,8,1,,5,3,5,1,,4,2,4,1,,8,2,8,1,"2,4",,,D,D,D,D,D,D,D,D,0,0,1,8,7,9,2,8,2,6,2,1,3,220,90,220,170,55,170,175,110,175,205,115,205,190,45,190,210,40,210,225,85,225,195,65,195,0,170,0,0,0,210,0,0,6,3,5,8,7,4,2,1,1,0,5,3,5,1,0,5,4,5,1,0,8,2,8,1,0,8,2,8,1,0,4,2,4,1,0,2,1,2,1,0,8,2,8,1,0,3,2,3,210,0,0,0,0,0,170,0,Undergraduate degree (BA/BSc/other),4,"£50,000 - £59,999",No,United Kingdom,No,Full-Time,0,0,0,0,0,0,0,0,0,0,55000,0,0,55000
1629,5b3b5f13dd6af000014d2a68,0,55,0,0,1,,2.36,1,1.01381907691445,0.495956871867069,0.430424434317533,D,D,P,D,D,D,D,D,840,0,6,3,4,6,0,3,8,2,3,0,6,6,5,6,1,,2,1,2,0,5,8,3,5,0,7,5,3,7,0,7,4,4,7,0,1,8,3,1,0,2,,,D,D,P,D,D,D,D,D,0,0,0,4,2,4,6,1,7,9,4,1.8,4,220,90,90,170,55,165,175,110,110,205,115,205,190,45,45,210,40,40,225,85,85,195,65,65,0,0,110,0,45,40,85,65,2,4,7,3,5,6,8,1,0,3,8,2,3,1,0,2,1,2,0,7,4,4,7,0,6,6,5,6,0,5,8,3,5,0,7,5,3,7,0,1,8,3,1,0,6,3,4,6,0,0,85,110,45,40,65,0,Undergraduate degree (BA/BSc/other),4,"£30,000 - £39,999",No,United Kingdom,No,Full-Time,0,35000,0,0,0,0,0,0,0,0,0,0,0,35000
1670,5b47e287bc06c90001f8b67d,0,38,0,2,0,,2.48,1,0.878470277861773,0.716328085898775,0.634836768248752,D,D,P,P,D,D,P,P,628,1,,3,2,3,1,,8,2,8,0,6,6,4,6,0,7,7,4,7,0,5,8,4,5,0,5,5,2,5,1,,3,5,3,0,1,1,5,1,0,"2,5",,,D,D,P,P,D,D,P,P,0,0,0,7,6,3,3,7,4,1,1,1,1,220,90,220,170,55,170,175,110,110,205,115,115,190,45,45,210,40,210,225,85,85,195,65,65,0,0,0,0,0,0,85,65,6,1,3,5,4,7,2,8,0,5,5,2,5,1,0,3,2,3,0,6,6,4,6,0,5,8,4,5,0,7,7,4,7,1,0,3,5,3,1,0,8,2,8,0,1,1,5,1,0,0,0,0,0,85,0,65,Undergraduate degree (BA/BSc/other),7,"£30,000 - £39,999",Yes,United Kingdom,No,Full-Time,0,35000,0,0,0,0,0,0,0,0,0,0,0,35000
1369,5b4a3ab1bc06c90001f902f4,1,40,0,0,1,,2.9,1,0.936202735952161,0.622921892105803,0.382552037969974,D,D,D,D,D,D,D,D,604,0,,3,,3,1,,8,1,8,1,,6,4,6,1,,7,4,7,0,5,8,1,5,1,,5,1,5,1,,3,4,3,0,1,1,4,1,0,"4,5",,,D,D,P,P,D,D,P,P,0,0,0,10,9,9,6,7,5,6,3,3.2,2,220,90,220,170,55,170,175,110,110,205,115,115,190,45,45,210,40,210,225,85,85,195,65,65,220,0,110,115,0,0,85,65,1,4,7,6,8,5,2,3,0,0,3,0,3,1,0,7,4,7,1,0,3,4,3,1,0,5,1,5,0,1,1,4,1,0,5,8,1,5,1,0,8,1,8,1,0,6,4,6,220,115,85,0,65,0,0,110,Graduate degree (MA/MSc/MPhil/other),6,"£30,000 - £39,999",Yes,United Kingdom,No,Full-Time,0,35000,0,0,0,0,0,0,0,0,0,0,0,35000
1035,5b59a51fca6d01000157a8c3,0,37,1,0,0,Be nice if you could make it so participants just chose the switch point and the rest autocompletes,2.1,1,1.00873842713894,0.203971120092614,0.873391915408084,P,P,P,P,P,P,P,P,505,0,6,6,3,6,0,4,4,2,4,0,6,6,4,6,0,7,7,3,7,0,5,5,3,5,0,7,7,3,7,0,3,3,3,3,0,1,1,3,1,0,"1,2,4",,,P,P,P,P,P,P,P,P,0,0,0,2,2,1,1,3,9,6,3,2.7,3,220,90,90,170,55,55,175,110,110,205,115,115,190,45,45,210,40,40,225,85,85,195,65,65,90,55,110,0,45,40,85,65,4,2,8,6,7,1,5,3,0,7,7,3,7,0,4,4,2,4,0,1,1,3,1,0,7,7,3,7,0,3,3,3,3,0,6,6,3,6,0,5,5,3,5,0,6,6,4,6,0,55,65,40,85,90,45,110,Doctorate degree (PhD/other),7,"£40,000 - £49,999",Yes,United Kingdom,No,Full-Time,0,0,0,0,45000,0,0,0,0,0,0,0,0,45000
1099,5b5e69947d7bdd0001132245,1,58,2,0,1,,4,1,1.4173146195642,0.300413951477582,0.370760627783692,D,D,D,D,D,D,D,D,503,0,5,3,5,5,0,4,8,4,4,0,6,5,5,6,0,5,2,5,5,0,5,8,3,5,0,7,5,3,7,0,3,4,4,3,0,7,8,4,7,0,"1,2,5",,,D,D,D,D,D,D,D,D,0,0,1,10,10,6,10,8,1,1,10,1.9,4,220,90,220,170,55,55,175,110,110,205,115,115,190,45,45,210,40,40,225,85,85,195,65,65,210,55,110,115,45,40,85,55,7,4,2,6,3,5,8,1,0,3,4,4,3,0,5,2,5,5,0,4,8,4,4,0,7,5,3,7,0,6,5,5,6,0,5,8,3,5,0,7,8,4,7,0,5,3,5,5,85,115,55,40,110,45,55,210,Undergraduate degree (BA/BSc/other),3,"£30,000 - £39,999",Yes,United Kingdom,No,Part-Time,0,35000,0,0,0,0,0,0,0,0,0,0,0,35000
1062,5b7467ea50075a0001107043,1,35,0,0,0,,4,1,1.43373173518137,0.311831651033262,0.284185346471939,D,D,D,D,D,D,D,D,399,0,6,3,4,6,1,,8,4,8,0,4,6,4,4,1,,7,5,7,1,,8,3,8,0,7,5,4,7,1,,3,5,3,1,,1,4,1,1,2,,,D,D,P,P,D,D,P,P,0,0,0,4,2,6,6,3,4,2,4,3.1,1,220,90,90,170,55,170,175,110,105,205,115,115,190,45,190,210,40,40,225,85,85,195,65,65,0,0,105,115,0,40,85,65,2,1,4,8,6,5,7,3,1,0,8,4,8,0,6,3,4,6,1,0,7,5,7,1,0,1,4,1,0,7,5,4,7,1,0,8,3,8,1,0,3,5,3,0,4,6,4,4,0,0,115,65,40,0,85,105,Undergraduate degree (BA/BSc/other),5,"£30,000 - £39,999",Yes,United Kingdom,No,Full-Time,0,35000,0,0,0,0,0,0,0,0,0,0,0,35000
1644,5b780cc655f12e0001b4d85a,0,52,0,1,0,,2.36,1,1.15749469475906,0.573584829838904,0.359453582009427,D,D,D,D,D,D,D,D,498,0,6,3,5,6,0,4,8,5,4,0,6,6,5,6,0,1,7,5,1,0,5,8,4,5,0,6,5,1,6,0,3,3,5,3,0,1,1,5,1,0,"4,5",,,D,D,P,P,D,D,P,P,0,0,0,7,10,4,7,1,3,4,3,3.3,2,220,90,90,170,55,55,175,110,110,205,115,115,190,45,45,210,40,40,225,85,85,195,65,65,90,55,110,115,45,0,85,65,6,5,7,3,8,2,4,1,0,6,5,1,6,0,5,8,4,5,0,3,3,5,3,0,6,6,5,6,0,1,1,5,1,0,4,8,5,4,0,1,7,5,1,0,6,3,5,6,0,45,85,110,65,55,115,90,Secondary education (e.g. GED/GCSE),5,"£30,000 - £39,999",No,United Kingdom,No,Full-Time,0,35000,0,0,0,0,0,0,0,0,0,0,0,35000
659,5b8551bf8f9edf00013fce84,0,33,0,0,1,,2.94,1,1.17405176431995,0.236117997903518,0.109505772414225,D,D,D,D,D,D,D,D,912,0,6,3,5,6,0,4,8,5,4,1,,5,3,5,0,7,2,5,7,0,5,8,5,5,0,7,5,5,7,1,,4,2,4,0,7,8,5,7,0,"2,4",,,D,D,D,D,D,D,D,D,0,0,0,1,7,4,7,3,8,6,3,2.3,3,220,90,90,170,55,55,175,110,175,205,115,115,190,45,45,210,40,40,225,85,225,195,65,65,90,55,0,115,45,40,0,65,7,2,3,8,1,4,5,6,1,0,4,2,4,0,4,8,5,4,1,0,5,3,5,0,7,8,5,7,0,6,3,5,6,0,7,2,5,7,0,5,8,5,5,0,7,5,5,7,0,55,0,65,90,115,45,40,Graduate degree (MA/MSc/MPhil/other),6,"£80,000 - £89,999",No,United Kingdom,No,Full-Time,0,0,0,0,0,0,0,0,0,0,0,85000,0,85000
1013,5b8a709614e8c6000104eafa,0,52,0,1,2,,2.44,1,1.44924607134651,0.206094259077221,0.561000446518728,D,D,P,D,D,D,D,D,409,0,2,3,4,2,0,4,8,4,4,0,5,6,1,5,0,1,2,4,1,0,5,8,4,5,0,6,5,4,6,0,3,4,4,3,0,1,8,4,1,0,2,,,D,D,P,D,D,D,D,D,0,0,1,3,2,4,7,8,7,6,5,3.3,4,220,90,85,170,55,55,175,110,175,205,115,115,190,45,45,210,40,40,225,85,85,195,65,65,85,55,0,115,45,40,85,65,3,7,8,5,4,6,1,2,0,5,6,1,5,0,3,4,4,3,0,1,8,4,1,0,5,8,4,5,0,1,2,4,1,0,6,5,4,6,0,2,3,4,2,0,4,8,4,4,0,85,65,45,115,40,85,55,Undergraduate degree (BA/BSc/other),4,"£10,000 - £15,999",Yes,United Kingdom,No,Part-Time,0,0,0,12500,0,0,0,0,0,0,0,0,0,12500
1739,5b942e793fe4370001e627e0,0,69,0,0,0,No comments,2.4,1,1.01842812208927,0.885220881351226,0.726173554938956,D,D,P,P,D,D,P,D,878,0,6,3,4,6,1,,8,3,8,0,6,6,4,6,1,,7,5,7,1,,8,2,8,0,7,5,3,7,1,,3,5,3,1,,1,5,1,1,"5,6","I would go for the safest option, whereas the computer would choose the best",It was very interesting!,D,D,P,P,D,D,P,P,0,0,0,1,8,6,7,8,8,4,4,1,1,220,90,90,170,55,170,175,110,110,205,115,115,190,45,190,210,40,40,225,85,85,195,65,65,90,0,110,115,0,40,85,65,8,4,7,5,3,6,2,1,1,0,1,5,1,1,0,7,5,7,1,0,3,5,3,1,0,8,2,8,0,6,6,4,6,0,7,5,3,7,1,0,8,3,8,0,6,3,4,6,65,115,85,0,110,40,0,90,Undergraduate degree (BA/BSc/other),5,"£16,000 - £19,999",No,United Kingdom,No,Part-Time,0,0,0,0,0,17500,0,0,0,0,0,0,0,17500
1386,5b9aed646a11180001a8082e,1,41,1,0,0,,3.58,1,1.47062806274121,0.184575925562746,0.410309981562899,D,D,D,D,D,D,D,D,440,1,,3,3,3,1,,8,5,8,1,,6,5,6,1,,7,5,7,1,,8,5,8,1,,5,1,5,1,,3,3,3,0,1,1,3,1,1,2,,,D,D,P,P,D,D,P,P,0,0,0,6,4,7,9,4,1,5,4,4.8,2,220,90,220,170,55,170,175,110,110,205,115,115,190,45,190,210,40,210,225,85,85,195,65,65,0,170,110,115,190,0,0,65,4,5,1,7,6,3,8,2,1,0,7,5,7,1,0,8,5,8,1,0,3,3,3,1,0,3,3,3,1,0,5,1,5,1,0,6,5,6,0,1,1,3,1,1,0,8,5,8,115,190,0,0,0,110,65,170,Secondary education (e.g. GED/GCSE),7,"£70,000 - £79,999",No,United Kingdom,No,Full-Time,0,0,75000,0,0,0,0,0,0,0,0,0,0,75000
728,5b9d57e5737d030001ad2cbf,0,56,2,0,1,"Once I picked A your system should have filled in the rest of the rows as A also, manually doing it was super dull.",4,1,1.04689784824806,0.658256909647506,0.521493375971299,D,D,P,D,D,D,D,D,385,1,,3,1,3,0,4,8,3,4,0,6,6,4,6,0,7,2,4,7,0,5,8,4,5,0,2,5,3,2,1,,4,1,4,0,3,8,3,3,0,"2,6",Computer did not choose what I would have chosen,none,D,D,P,D,D,D,D,D,0,0,0,8,2,5,7,4,4,3,4,3.3,3,220,90,220,170,55,55,175,110,110,205,115,115,190,45,45,210,40,35,225,85,225,195,65,65,0,55,0,115,45,35,225,65,6,8,4,5,1,2,3,7,0,2,5,3,2,0,3,8,3,3,0,7,2,4,7,0,5,8,4,5,1,0,3,1,3,0,4,8,3,4,0,6,6,4,6,1,0,4,1,4,35,65,115,45,0,55,0,225,Undergraduate degree (BA/BSc/other),6,"£30,000 - £39,999",No,United Kingdom,No,Full-Time,0,35000,0,0,0,0,0,0,0,0,0,0,0,35000
1091,5bb0f624a1c73d0001b9d62d,0,30,0,0,0,,2,1,0.600130802691131,0.712260391292263,0.296907734416688,D,D,P,D,D,D,D,D,546,1,,3,1,3,0,4,8,1,4,0,6,6,5,6,0,7,2,5,7,0,5,8,4,5,0,7,5,4,7,0,3,4,2,3,0,6,8,1,6,0,"1,2,4,5",,,D,D,P,D,D,D,D,D,0,0,0,9,1,6,8,3,9,7,6,3.3,4,220,90,220,170,55,55,175,110,110,205,115,115,190,45,45,210,40,40,225,85,85,195,65,190,0,0,110,115,45,40,0,0,2,1,4,7,8,3,6,5,0,4,8,1,4,1,0,3,1,3,0,7,2,5,7,0,3,4,2,3,0,6,8,1,6,0,6,6,5,6,0,7,5,4,7,0,5,8,4,5,0,0,115,0,0,110,40,45,Doctorate degree (PhD/other),5,"£70,000 - £79,999",No,United Kingdom,No,Full-Time,0,0,75000,0,0,0,0,0,0,0,0,0,0,75000
904,5bb21a6ed14ec100019840fb,0,31,0,0,2,,3.6,1,1.07218278971121,2.1400799587439,0.537823679888819,D,D,D,D,D,D,D,D,406,1,,3,4,3,1,,8,4,8,1,,6,5,6,1,,7,4,7,1,,8,3,8,1,,5,4,5,1,,3,5,3,1,,1,5,1,1,"2,5",,,D,D,P,P,D,D,P,P,0,1,0,2,6,3,6,3,1,9,7,1,1,220,90,220,170,55,170,175,110,110,205,115,115,190,45,190,210,40,210,225,85,85,195,65,65,0,0,0,115,0,0,85,65,1,2,7,4,3,5,6,8,1,0,3,4,3,1,0,8,4,8,1,0,3,5,3,1,0,7,4,7,1,0,6,5,6,1,0,8,3,8,1,0,5,4,5,1,0,1,5,1,0,0,85,115,0,0,0,65,Undergraduate degree (BA/BSc/other),3,"£20,000 - £29,999",No,United Kingdom,Yes,Full-Time,25000,0,0,0,0,0,0,0,0,0,0,0,0,25000
1004,5bc26cf6e4ef1d00016ca6d5,0,43,0,0,0,,4,1,2.79562524731319,0.111448757021904,1.58357325318172,D,D,P,P,D,D,P,P,501,0,1,3,5,1,0,8,8,2,8,0,6,6,5,6,1,,7,5,7,0,5,8,5,5,0,4,5,4,4,0,1,3,5,1,1,,1,5,1,0,"2,5",,,D,D,P,P,D,D,P,P,0,0,0,9,10,8,7,6,1,9,5,1,2,220,90,90,170,55,170,175,110,110,205,115,115,190,45,45,210,40,40,225,85,80,195,65,65,90,0,0,115,45,0,80,65,4,5,8,1,6,7,3,2,1,0,7,5,7,0,5,8,5,5,1,0,1,5,1,0,1,3,5,1,0,4,5,4,4,0,1,3,5,1,0,6,6,5,6,0,8,8,2,8,115,45,65,90,0,80,0,0,Undergraduate degree (BA/BSc/other),7,"£30,000 - £39,999",No,United Kingdom,No,Full-Time,0,35000,0,0,0,0,0,0,0,0,0,0,0,35000
1975,5bc73b9f821054000181a853,0,54,2,2,0,,2.52,1,0.870891852483897,0.294293557056305,0.35772636560399,D,D,P,D,D,D,D,D,596,0,2,3,4,2,0,6,8,3,6,0,6,6,4,6,0,7,2,5,7,0,5,8,4,5,1,,5,1,5,0,1,4,5,1,0,3,8,4,3,0,2,,,D,D,P,D,D,D,D,D,0,0,0,9,7,4,4,10,7,8,6,3.2,3,220,90,85,170,55,55,175,110,110,205,115,115,190,45,45,210,40,210,225,85,80,195,65,65,85,0,110,115,45,0,80,0,8,6,1,2,4,3,5,7,0,3,8,4,3,1,0,5,1,5,0,2,3,4,2,0,6,8,3,6,0,7,2,5,7,0,6,6,4,6,0,5,8,4,5,0,1,4,5,1,0,0,85,0,115,110,45,80,Technical/community college,5,"£20,000 - £29,999",No,United Kingdom,No,Full-Time,25000,0,0,0,0,0,0,0,0,0,0,0,0,25000
949,5bcc34925ac43c0001992c0c,1,26,0,0,0,,3,1,2.46611246759114,0.0785546305069342,-0.554401903450625,D,D,D,D,D,D,D,D,408,1,,3,1,3,1,,8,2,8,0,6,5,5,6,0,3,2,3,3,0,5,8,3,5,0,5,5,1,5,0,3,4,4,3,0,7,8,4,7,0,2,,,D,D,D,D,D,D,D,D,0,0,0,5,2,6,4,2,5,1,3,3.2,4,220,90,220,170,55,170,175,110,110,205,115,110,190,45,45,210,40,210,225,85,85,195,65,65,0,0,110,110,45,0,85,65,4,2,5,6,3,1,7,8,0,3,2,3,3,1,0,8,2,8,0,5,8,3,5,0,5,5,1,5,0,6,5,5,6,1,0,3,1,3,0,3,4,4,3,0,7,8,4,7,110,0,45,0,110,0,85,65,Graduate degree (MA/MSc/MPhil/other),4,"£20,000 - £29,999",No,United Kingdom,No,Full-Time,25000,0,0,0,0,0,0,0,0,0,0,0,0,25000
1300,5bd0be5b2c109500017a5d4e,1,29,1,2,3,,2.98,1,5.79889928578593,0.253428555068881,0.136418405012623,D,D,D,D,D,D,D,D,527,1,,3,3,3,1,,8,3,8,1,,6,5,6,1,,7,4,7,1,,8,2,8,1,,5,3,5,1,,3,4,3,1,,1,4,1,1,"2,5",,,D,D,P,P,D,D,P,P,0,0,0,4,4,4,8,1,1,2,1,3.3,1,220,90,220,170,55,170,175,110,110,205,115,115,190,45,190,210,40,210,225,85,85,195,65,65,220,170,110,115,0,0,85,65,6,3,4,5,8,7,2,1,1,0,5,3,5,1,0,6,5,6,1,0,7,4,7,1,0,8,2,8,1,0,1,4,1,1,0,3,4,3,1,0,8,3,8,1,0,3,3,3,0,110,115,0,65,85,170,220,High school diploma/A-levels,4,Rather not say,No,United Kingdom,Yes,Full-Time,0,0,0,0,0,0,0,0,0,0,0,0,0,0
1350,5bdeda9109e1b40001df5140,1,51,1,0,0,,2.8,1,0.843951812045315,0.441420365052722,0.455885596868415,D,D,P,P,D,D,P,D,504,0,6,3,5,6,0,4,8,5,4,0,4,6,5,4,0,1,7,5,1,0,1,8,1,1,1,,5,1,5,0,5,3,5,5,0,1,1,5,1,0,2,,,D,D,P,P,D,D,P,P,0,0,0,3,3,4,2,9,7,8,10,1,2,220,90,90,170,55,55,175,110,105,205,115,115,190,45,45,210,40,210,225,85,85,195,65,65,90,55,105,110,0,0,85,65,2,5,8,6,3,7,1,4,0,4,8,5,4,0,1,8,1,1,0,1,1,5,1,1,0,5,1,5,0,4,6,5,4,0,5,3,5,5,0,6,3,5,6,0,1,7,5,1,55,0,65,0,105,85,90,110,Technical/community college,5,"£20,000 - £29,999",Yes,United Kingdom,No,Full-Time,25000,0,0,0,0,0,0,0,0,0,0,0,0,25000
966,5be0bf8e292b64000169a165,1,57,0,0,0,,2.9,1,1.05522177264168,0.307331004201511,0.597223509408525,D,D,P,P,D,D,P,P,566,0,6,3,5,6,1,,8,1,8,1,,6,5,6,1,,7,5,7,0,5,8,5,5,0,7,5,5,7,0,7,3,5,7,0,1,1,5,1,0,"2,6",the computer didn't seem to echo my choices consistently,,D,D,P,P,D,D,P,P,0,0,0,10,4,4,6,3,4,7,10,1,3,220,90,90,170,55,170,175,110,110,205,115,115,190,45,45,210,40,40,225,85,85,195,65,65,90,170,110,115,45,40,0,65,3,4,2,7,6,8,5,1,1,0,6,5,6,1,0,7,5,7,1,0,8,1,8,0,7,3,5,7,0,7,5,5,7,0,1,1,5,1,0,5,8,5,5,0,6,3,5,6,110,115,170,0,40,65,45,90,Doctorate degree (PhD/other),7,"£90,000 - £99,999",No,United Kingdom,No,Full-Time,0,0,0,0,0,0,0,0,95000,0,0,0,0,95000
1600,5be9b18df5c1060001085048,0,38,2,0,1,Thank you I enjoyed the study and look forward to part 2,2.8,1,4.27037906376384,0.0154894381657469,0.198773601997587,D,D,D,D,D,D,D,D,515,0,7,3,5,7,0,4,8,5,4,0,6,5,1,6,1,,2,1,2,0,6,8,1,6,1,,5,1,5,0,3,4,5,3,1,,8,5,8,0,5,,Very interesting again and provng that I have no luck at all in lotteries ha ha. I enjoyed the study and hope my answers help with your research,D,D,D,D,D,D,D,D,0,0,0,4,6,3,3,10,3,4,9,1,4,220,90,220,170,55,55,175,110,110,205,115,205,190,45,190,210,40,210,225,85,85,195,65,195,220,55,0,0,0,0,85,195,8,1,6,4,5,2,7,3,1,0,8,5,8,0,7,3,5,7,1,0,5,1,5,1,0,2,1,2,0,6,8,1,6,0,4,8,5,4,0,3,4,5,3,0,6,5,1,6,195,220,0,0,0,55,85,0,High school diploma/A-levels,5,"£30,000 - £39,999",Yes,United Kingdom,No,Full-Time,0,35000,0,0,0,0,0,0,0,0,0,0,0,35000
908,5bf50c187ea49f0001ba734a,0,40,0,0,0,,2.72,1,0.41481847770792,8.30299931243204,2.47220615855489,P,P,P,P,P,P,P,P,561,1,,3,4,3,0,3,8,5,3,1,,6,4,6,1,,7,5,7,1,,8,5,8,1,,5,5,5,1,,3,4,3,1,,1,4,1,1,"2,5",,,D,D,P,P,D,D,P,P,0,0,0,6,4,8,5,1,6,7,7,1,1,220,90,220,170,55,165,175,110,110,205,115,115,190,45,190,210,40,210,225,85,85,195,65,65,0,165,0,0,0,210,0,65,6,2,5,8,4,3,1,7,1,0,5,5,5,0,3,8,5,3,1,0,8,5,8,1,0,1,4,1,1,0,7,5,7,1,0,6,4,6,1,0,3,4,3,1,0,3,4,3,210,165,0,65,0,0,0,0,Secondary education (e.g. GED/GCSE),2,Rather not say,No,United Kingdom,No,Full-Time,0,0,0,0,0,0,0,0,0,0,0,0,0,0
2709,5bfa91cf26e31d00010462ed,0,64,1,0,0,fun...,4,1,1.04884371645948,0.811604610313626,0.795157932956494,D,D,P,P,D,D,P,P,1111,0,6,3,1,6,1,,8,5,8,0,6,6,5,6,0,1,7,1,1,1,,8,3,8,1,,5,3,5,0,1,3,5,1,0,1,1,5,1,0,6,I would rather choose a lottery with a lower payout but with more chance. ,It was fun to do. I feel better than I did before after completing the study. Thank you!,D,D,P,P,D,D,P,P,0,0,0,8,7,1,1,7,1,10,1,2.3,2,220,90,90,170,55,170,175,110,110,205,115,115,190,45,190,210,40,210,225,85,80,195,65,65,0,170,110,0,0,0,80,65,5,7,1,6,8,3,2,4,1,0,8,3,8,0,1,3,5,1,0,6,3,1,6,1,0,5,3,5,0,1,1,5,1,0,6,6,5,6,1,0,8,5,8,0,1,7,1,1,0,80,0,0,65,110,170,0,Undergraduate degree (BA/BSc/other),8,"£30,000 - £39,999",Yes,United Kingdom,No,Part-Time,0,35000,0,0,0,0,0,0,0,0,0,0,0,35000
670,5c082f1f66706a0001047bf2,1,25,0,0,0,,2.52,1,1.11365370051509,0.230346721181738,0.272599887128139,D,D,D,D,D,D,D,D,456,0,6,3,5,6,0,4,8,3,4,0,6,5,5,6,0,3,2,5,3,0,5,8,4,5,0,7,5,3,7,0,3,4,4,3,0,1,8,4,1,0,"5,6","having not chosen the computer in any of these rounds, i wouldn't know how much i could trust it for the next 8",,D,D,D,D,D,D,D,D,0,0,0,6,8,10,1,2,10,1,5,2.3,3,220,90,90,170,55,55,175,110,110,205,115,110,190,45,45,210,40,40,225,85,85,195,65,65,0,0,110,0,45,40,85,65,1,3,5,4,8,6,7,2,0,6,3,5,6,0,6,5,5,6,0,5,8,4,5,0,3,2,5,3,0,1,8,4,1,0,7,5,3,7,0,3,4,4,3,0,4,8,3,4,0,110,45,0,65,40,85,0,Graduate degree (MA/MSc/MPhil/other),7,Rather not say,No,United Kingdom,No,Full-Time,0,0,0,0,0,0,0,0,0,0,0,0,0,0
1532,5c16babf8e154d0001908b6e,1,35,1,0,0,,2.6,1,2.21552110011773,0.0752253086967405,1.02521504747236,D,D,P,P,D,D,P,P,467,1,,3,2,3,1,,8,1,8,1,,6,4,6,1,,7,5,7,1,,8,2,8,1,,5,3,5,1,,3,5,3,1,,1,5,1,1,"5,6",Interested to see how the computer picked up on my reasoning,Task 2 did not show me the outcome. Went from selection to star rating.,D,D,P,P,D,D,P,P,0,0,0,10,9,4,7,4,6,2,2,1,4,220,90,220,170,55,170,175,110,110,205,115,115,190,45,190,210,40,210,225,85,85,195,65,65,220,0,110,115,190,210,85,65,8,6,3,7,1,2,5,4,1,0,1,5,1,1,0,5,3,5,1,0,6,4,6,1,0,3,5,3,1,0,3,2,3,1,0,8,1,8,1,0,8,2,8,1,0,7,5,7,65,210,110,85,220,0,190,115,Undergraduate degree (BA/BSc/other),7,"£60,000 - £69,999",No,United Kingdom,No,Part-Time,0,0,0,0,0,0,65000,0,0,0,0,0,0,65000
1326,5c28f32031d4ec0001e5083c,1,57,1,1,3,,2.4,1,6.1760003624327,0.289881343005974,0.588155814952622,D,D,D,D,D,D,D,D,491,0,3,3,5,3,0,8,8,5,8,0,6,6,5,6,1,,7,4,7,1,,8,5,8,0,5,5,5,5,1,,3,5,3,0,7,1,4,7,0,6,I like to select from the options given rather than a computer doing it for me,,D,D,P,P,D,D,P,P,0,0,1,9,7,3,4,7,10,9,6,1,1,220,90,220,170,55,170,175,110,110,205,115,115,190,45,190,210,40,210,225,85,85,195,65,65,0,170,0,115,0,0,85,0,7,4,2,6,8,5,1,3,1,0,3,5,3,1,0,7,4,7,0,8,8,5,8,0,5,5,5,5,0,7,1,4,7,1,0,8,5,8,0,3,3,5,3,0,6,6,5,6,85,115,170,0,0,0,0,0,Technical/community college,6,"£60,000 - £69,999",No,United Kingdom,No,Full-Time,0,0,0,0,0,0,65000,0,0,0,0,0,0,65000
1415,5c2b80f371d2760001eff037,1,44,0,0,0,,3.28,1,1.99335148031475,0.0744656502553723,0.904378857543069,D,D,P,P,D,D,P,P,469,0,4,3,4,4,1,,8,1,8,1,,6,5,6,0,3,7,1,3,0,1,8,1,1,1,,5,1,5,0,7,3,4,7,0,7,1,3,7,1,"4,5",,,D,D,P,P,D,D,P,P,0,0,0,7,10,1,1,7,10,9,3,1,2,220,90,90,170,55,170,175,110,110,205,115,110,190,45,45,210,40,210,225,85,85,195,65,65,85,0,110,0,0,0,85,65,3,6,4,8,2,7,1,5,1,0,6,5,6,1,0,5,1,5,0,3,7,1,3,0,7,1,3,7,1,0,8,1,8,0,7,3,4,7,0,4,3,4,4,0,1,8,1,1,110,0,0,65,0,85,85,0,Graduate degree (MA/MSc/MPhil/other),6,"£40,000 - £49,999",No,United Kingdom,No,Part-Time,0,0,0,0,45000,0,0,0,0,0,0,0,0,45000
1029,5c33668916da980001530dab,0,65,0,0,1,,7.6,1,0.938809881885725,0.610191962286816,0.293112246006299,D,D,D,D,D,D,D,D,1714,0,6,3,4,6,0,4,8,4,4,1,,5,3,5,0,7,2,4,7,0,1,8,4,1,0,7,5,4,7,0,3,4,4,3,1,,8,2,8,0,2,,,D,D,D,D,D,D,D,D,0,0,0,2,10,5,1,9,9,6,6,1,3,220,90,90,170,55,55,175,110,175,205,115,115,190,45,45,210,40,40,225,85,85,195,65,195,90,55,175,0,0,40,85,0,3,2,8,7,4,1,5,6,1,0,5,3,5,0,4,8,4,4,1,0,8,2,8,0,3,4,4,3,0,7,2,4,7,0,6,3,4,6,0,1,8,4,1,0,7,5,4,7,175,55,0,85,0,90,0,40,Undergraduate degree (BA/BSc/other),7,"£50,000 - £59,999",Yes,United Kingdom,No,Full-Time,0,0,0,0,0,0,0,0,0,0,55000,0,0,55000
1131,5c351b21d4ae620001d3ee01,1,42,0,0,0,,3.16,1,1.47786340221144,0.27196440147822,0.498466791374419,D,D,D,D,D,D,D,D,536,0,2,3,1,2,0,4,8,5,4,0,6,5,5,6,0,7,2,5,7,0,7,8,5,7,0,7,5,1,7,0,1,4,5,1,0,3,8,5,3,0,5,,,D,D,D,D,D,D,D,D,0,0,0,8,6,9,6,8,6,3,2,2.6,4,220,90,85,170,55,55,175,110,110,205,115,115,190,45,45,210,40,40,225,85,80,195,65,65,0,55,110,115,45,0,80,65,8,1,5,6,3,2,7,4,0,3,8,5,3,0,2,3,1,2,0,7,8,5,7,0,7,5,1,7,0,6,5,5,6,0,4,8,5,4,0,1,4,5,1,0,7,2,5,7,65,0,45,0,110,55,80,115,High school diploma/A-levels,3,"£10,000 - £15,999",No,United Kingdom,No,Part-Time,0,0,0,12500,0,0,0,0,0,0,0,0,0,12500
1346,5c3b990cd5a11f00013591b7,1,34,1,2,0,,2.7,1,1.34652543879805,0.342146396924361,0.334344079123709,D,D,D,D,D,D,D,D,505,0,6,3,5,6,1,,8,2,8,1,,6,5,6,1,,7,5,7,0,5,8,5,5,1,,5,1,5,1,,3,5,3,1,,1,5,1,1,"5,6",,,D,D,P,P,D,D,P,P,0,0,0,3,9,8,6,10,3,1,4,1,1,220,90,90,170,55,170,175,110,110,205,115,115,190,45,45,210,40,210,225,85,85,195,65,65,90,0,0,115,45,0,85,65,8,4,2,1,3,7,6,5,1,0,1,5,1,1,0,7,5,7,1,0,8,2,8,0,6,3,5,6,1,0,6,5,6,1,0,3,5,3,1,0,5,1,5,0,5,8,5,5,65,115,0,90,0,85,0,45,Technical/community college,5,"£40,000 - £49,999",No,United Kingdom,No,Part-Time,0,0,0,0,45000,0,0,0,0,0,0,0,0,45000
1146,5c421f394fe4f800016e0112,1,51,0,0,0,,2.4,1,1.44374466341818,0.487018212263421,1.11547088472107,D,D,P,P,D,D,P,P,404,1,,3,1,3,1,,8,1,8,0,6,6,5,6,0,1,7,5,1,0,5,8,4,5,0,2,5,3,2,0,7,3,5,7,0,3,1,1,3,0,"2,5",,,D,D,P,P,D,D,P,P,1,0,0,9,2,2,2,10,9,2,10,3.2,2,220,90,220,170,55,170,175,110,110,205,115,115,190,45,45,210,40,35,225,85,85,195,65,65,0,0,110,110,45,35,85,0,7,2,5,3,8,1,4,6,0,7,3,5,7,1,0,8,1,8,0,5,8,4,5,0,6,6,5,6,0,3,1,1,3,1,0,3,1,3,0,1,7,5,1,0,2,5,3,2,85,0,45,110,0,0,110,35,Secondary education (e.g. GED/GCSE),4,"£16,000 - £19,999",No,United Kingdom,No,Part-Time,0,0,0,0,0,17500,0,0,0,0,0,0,0,17500
606,5c43750c26217400018c1d69,1,26,0,0,0,,3.42,1,1.15985052800134,0.351787841575303,1.00003361557726,P,D,P,P,P,P,P,P,404,0,4,6,5,4,0,6,8,4,6,0,4,6,4,4,0,3,7,4,3,0,5,5,4,5,0,4,7,4,4,0,5,3,4,5,0,1,1,4,1,0,"1,2",,,P,D,P,P,P,P,P,P,0,0,0,2,6,7,1,10,8,5,4,1.9,3,220,90,90,170,55,55,175,110,105,205,115,110,190,45,45,210,40,40,225,85,85,195,65,65,90,55,105,0,45,40,0,65,8,5,2,4,1,6,7,3,0,1,1,4,1,0,5,5,4,5,0,6,8,4,6,0,3,7,4,3,0,4,6,5,4,0,4,7,4,4,0,5,3,4,5,0,4,6,4,4,65,45,55,0,90,40,0,105,Undergraduate degree (BA/BSc/other),7,"£20,000 - £29,999",No,United Kingdom,No,Part-Time,25000,0,0,0,0,0,0,0,0,0,0,0,0,25000
1759,5c4c57609446be00017e6746,0,43,0,0,0,,2.64,1,1.59971994324305,0.114981956047507,1.34180039355756,P,P,P,P,P,P,P,P,674,1,,6,5,6,1,,4,5,4,1,,6,5,6,1,,7,5,7,1,,5,4,5,1,,7,5,7,1,,3,5,3,1,,1,5,1,1,2,,,P,P,P,P,P,P,P,P,0,0,0,7,7,7,1,7,5,4,1,2.8,4,220,90,90,170,55,55,175,110,110,205,115,115,190,45,45,210,40,40,225,85,85,195,65,65,90,55,110,0,0,40,85,65,8,2,1,4,5,7,3,6,1,0,1,5,1,1,0,4,5,4,1,0,6,5,6,1,0,7,5,7,1,0,5,4,5,1,0,3,5,3,1,0,6,5,6,1,0,7,5,7,65,55,90,0,0,85,110,40,Undergraduate degree (BA/BSc/other),8,"£40,000 - £49,999",No,United Kingdom,No,Full-Time,0,0,0,0,45000,0,0,0,0,0,0,0,0,45000
2894,5c635a08e30ff200016badb9,0,55,1,0,0,,3.9,1,1.89011348723578,0.184400099835222,0.858051135592512,D,D,P,P,D,D,P,D,965,0,2,3,2,2,1,,8,1,8,0,2,6,4,2,0,7,7,4,7,0,5,8,4,5,0,7,5,4,7,0,7,3,1,7,0,7,8,4,7,0,"1,2",,,D,D,P,P,D,D,P,D,0,0,0,6,2,6,9,2,4,3,3,1,4,220,90,85,170,55,170,175,110,110,205,115,115,190,45,45,210,40,40,225,85,85,195,65,65,0,0,100,115,45,40,0,65,8,2,4,6,1,3,5,7,0,7,8,4,7,1,0,8,1,8,0,7,7,4,7,0,7,5,4,7,0,2,3,2,2,0,2,6,4,2,0,5,8,4,5,0,7,3,1,7,65,0,115,40,0,100,45,0,Undergraduate degree (BA/BSc/other),6,"£60,000 - £69,999",Yes,United Kingdom,No,Full-Time,0,0,0,0,0,0,65000,0,0,0,0,0,0,65000
1618,5c6453fbe4fd44000167bfed,1,46,0,0,0,,2.7,1,1.14773350405827,0.338293115624419,0.273036160975115,D,D,D,D,D,D,D,D,647,0,1,3,3,1,1,,8,3,8,1,,6,4,6,0,7,7,4,7,1,,8,1,8,0,7,5,3,7,1,,3,4,3,1,,1,4,1,0,6,the computer only looks for the highest average and not in your favour of giving you the greatest chance of getting something,,D,D,P,P,D,D,P,P,0,0,1,8,6,6,4,6,1,4,9,2.7,1,220,90,90,170,55,170,175,110,110,205,115,115,190,45,190,210,40,40,225,85,85,195,65,65,0,0,110,115,0,40,85,0,2,3,8,7,5,4,6,1,1,0,8,3,8,1,0,6,4,6,1,0,1,4,1,1,0,3,4,3,1,0,8,1,8,0,7,7,4,7,0,7,5,3,7,0,1,3,3,1,0,110,0,85,0,115,40,0,Graduate degree (MA/MSc/MPhil/other),5,"£20,000 - £29,999",Yes,United Kingdom,No,Part-Time,25000,0,0,0,0,0,0,0,0,0,0,0,0,25000
1656,5c6b23a6076e4e0001292f53,1,51,0,0,0,,2.76,1,1.83763326713636,0.330450488872267,0.780518444753774,D,D,P,D,D,D,D,D,522,1,,3,5,3,0,8,8,1,8,1,,6,4,6,0,7,7,4,7,1,,8,1,8,0,1,5,1,1,1,,3,1,3,0,2,1,1,2,1,5,,I enjoyed the survey ,D,D,P,P,D,D,P,P,0,0,0,3,2,10,10,3,1,7,8,1,2,220,90,220,170,55,170,175,110,110,205,115,115,190,45,190,210,40,205,225,85,85,195,65,195,220,0,110,115,0,0,0,0,5,8,4,2,1,3,6,7,1,0,8,1,8,0,2,1,1,2,0,7,7,4,7,0,8,8,1,8,1,0,3,5,3,1,0,6,4,6,0,1,5,1,1,1,0,3,1,3,0,0,115,0,220,110,0,0,High school diploma/A-levels,7,"£80,000 - £89,999",No,United Kingdom,No,Part-Time,0,0,0,0,0,0,0,0,0,0,0,85000,0,85000
2076,5c79c84a54c5d600175fd005,1,62,0,0,0,,3.36,1,1.09386394413603,0.592272896130697,0.421458139976147,D,D,D,D,D,D,D,D,593,0,4,3,4,4,1,,8,2,8,0,4,5,3,4,0,3,2,5,3,0,5,8,5,5,0,7,5,4,7,0,7,4,4,7,1,,8,1,8,0,2,,I was surprised what the computer picked given my cautious answers in part 1,D,D,D,D,D,D,D,D,0,0,0,2,4,4,1,10,10,5,2,2.8,3,220,90,90,170,55,170,175,110,105,205,115,110,190,45,45,210,40,40,225,85,85,195,65,195,90,170,105,0,45,40,0,0,2,6,1,5,8,4,7,3,1,0,8,2,8,0,7,5,4,7,0,4,3,4,4,0,5,8,5,5,1,0,8,1,8,0,3,2,5,3,0,7,4,4,7,0,4,5,3,4,170,40,90,45,0,0,0,105,Graduate degree (MA/MSc/MPhil/other),4,"£16,000 - £19,999",No,United Kingdom,No,Full-Time,0,0,0,0,0,17500,0,0,0,0,0,0,0,17500
1666,5c7d99958a346200123436ff,1,52,2,2,0,"I enjoyed this survey, thank you",3.6,1,0.951563343362401,0.8812812265767,0.2716716964704,D,D,D,D,D,D,D,D,1357,0,2,3,1,2,0,4,8,5,4,1,,5,1,5,0,7,2,1,7,1,,8,1,8,0,6,5,5,6,0,1,4,5,1,0,1,8,5,1,0,4,,"This has been really enjoyable, thank you.",D,D,D,D,D,D,D,D,0,0,1,8,2,6,3,6,7,3,5,2.1,4,220,90,85,170,55,55,175,110,175,205,115,115,190,45,190,210,40,40,225,85,80,195,65,65,0,55,0,0,0,40,80,65,7,2,5,4,1,3,8,6,0,1,4,5,1,0,4,8,5,4,1,0,8,1,8,0,7,2,1,7,0,2,3,1,2,1,0,5,1,5,0,1,8,5,1,0,6,5,5,6,80,55,0,0,0,0,65,40,Undergraduate degree (BA/BSc/other),5,"£50,000 - £59,999",No,United Kingdom,No,Full-Time,0,0,0,0,0,0,0,0,0,0,55000,0,0,55000
1574,5c8123c4366cb20001280842,0,23,0,0,0,,2.54,1,0.545017425688746,0.856617139131316,0.366267405080948,D,D,P,P,D,D,P,D,662,0,4,3,4,4,1,,8,2,8,0,6,6,4,6,0,7,7,4,7,0,5,8,4,5,0,7,5,4,7,0,3,3,4,3,0,1,1,4,1,0,6,"It's not that I think I do a *better* job, but I just prefer going for reliability over plain maximum output",,D,D,P,P,D,D,P,P,0,0,0,4,6,9,6,4,6,6,10,1.9,1,220,90,90,170,55,170,175,110,110,205,115,115,190,45,45,210,40,40,225,85,85,195,65,65,0,0,110,115,45,0,85,65,4,1,3,5,2,6,8,7,0,7,7,4,7,0,4,3,4,4,0,6,6,4,6,0,5,8,4,5,1,0,8,2,8,0,7,5,4,7,0,1,1,4,1,0,3,3,4,3,115,0,110,45,0,0,65,85,Undergraduate degree (BA/BSc/other),5,Rather not say,No,United Kingdom,No,Part-Time,0,0,0,0,0,0,0,0,0,0,0,0,0,0
1251,5c81316c3447c9000142f631,1,34,1,0,0,,2,1,1.56755665411087,0.302918669258543,0.287036014141185,D,D,D,D,D,D,D,D,411,0,1,3,5,1,0,4,8,3,4,1,,6,3,6,0,7,7,5,7,0,5,8,5,5,0,7,5,5,7,0,3,3,3,3,0,1,1,5,1,0,5,,,D,D,P,P,D,D,P,P,1,0,1,7,8,8,10,6,10,7,3,1,2,220,90,90,170,55,55,175,110,110,205,115,115,190,45,45,210,40,40,225,85,85,195,65,65,90,0,0,115,45,40,0,65,1,7,3,2,4,6,5,8,0,1,3,5,1,0,3,3,3,3,1,0,6,3,6,0,4,8,3,4,0,7,7,5,7,0,7,5,5,7,0,5,8,5,5,0,1,1,5,1,90,0,0,0,115,40,45,65,High school diploma/A-levels,5,Rather not say,Yes,United Kingdom,No,"Not in paid work (e.g. homemaker', 'retired or disabled)",0,0,0,0,0,0,0,0,0,0,0,0,0,0
2080,5c87e674c558df0014565c72,0,47,0,0,2,,2.7,1,1.39639700562151,0.267413966149668,0.209527047800553,D,D,D,D,D,D,D,D,559,0,3,3,4,3,0,4,8,4,4,0,6,5,4,6,1,,2,4,2,1,,8,3,8,0,5,5,4,5,1,,4,4,4,1,,8,3,8,1,2,,I had one method but changed to mirror the computer after a couple of goes,D,D,D,D,D,D,D,D,1,0,1,2,4,3,4,8,9,10,8,1,3,220,90,220,170,55,55,175,110,110,205,115,205,190,45,190,210,40,210,225,85,225,195,65,195,0,0,0,0,0,0,0,0,5,3,8,2,4,6,7,1,1,0,8,3,8,0,6,5,4,6,1,0,8,3,8,0,4,8,4,4,1,0,2,4,2,0,5,5,4,5,1,0,4,4,4,0,3,3,4,3,0,0,0,0,0,0,0,0,Undergraduate degree (BA/BSc/other),4,"£40,000 - £49,999",Yes,United Kingdom,No,Full-Time,0,0,0,0,45000,0,0,0,0,0,0,0,0,45000
1229,5c8ad6fb3b6f3d00013d7ab1,1,50,1,0,1,,4,1,1.34335406104544,0.592079324061937,0.353397811946634,D,D,D,D,D,D,D,D,497,0,4,3,1,4,0,2,8,1,2,1,,5,5,5,0,3,2,5,3,0,1,8,1,1,1,,5,4,5,1,,4,1,4,0,1,8,4,1,0,5,,,D,D,D,D,D,D,D,D,0,0,0,8,8,5,2,7,2,6,3,2.3,4,220,90,90,170,55,55,175,110,175,205,115,110,190,45,45,210,40,210,225,85,225,195,65,65,0,0,175,110,0,210,0,65,2,3,6,8,1,7,4,5,0,2,8,1,2,1,0,5,5,5,1,0,5,4,5,0,1,8,4,1,0,4,3,1,4,1,0,4,1,4,0,3,2,5,3,0,1,8,1,1,0,175,210,65,0,0,110,0,Undergraduate degree (BA/BSc/other),7,Rather not say,No,United Kingdom,No,Full-Time,0,0,0,0,0,0,0,0,0,0,0,0,0,0
1383,5c8d7e956ca70b0001128dd2,0,55,1,0,1,,2.52,1,1.44143059212389,0.318535483463306,0.260668876729711,D,D,D,D,D,D,D,D,385,1,,3,1,3,0,6,8,3,6,0,6,6,5,6,1,,7,4,7,1,,8,2,8,0,4,5,3,4,1,,3,4,3,1,,1,1,1,0,5,,,D,D,P,P,D,D,P,P,1,2,0,2,10,6,9,7,5,10,6,1,2,220,90,220,170,55,55,175,110,110,205,115,115,190,45,190,210,40,40,225,85,85,195,65,65,0,55,110,115,0,40,85,0,5,4,1,8,2,7,3,6,1,0,8,2,8,1,0,7,4,7,1,0,3,1,3,1,0,1,1,1,0,6,8,3,6,1,0,3,4,3,0,6,6,5,6,0,4,5,3,4,0,115,0,0,55,85,110,40,Technical/community college,5,"£50,000 - £59,999",No,United Kingdom,No,Full-Time,0,0,0,0,0,0,0,0,0,0,55000,0,0,55000
1532,5c993969c6d15000019bbc4f,1,37,3,2,2,,4,1,,,,D,D,D,D,D,D,D,D,1272,1,,3,5,3,1,,8,5,8,1,,6,4,6,1,,7,5,7,1,,8,5,8,1,,5,5,5,1,,3,5,3,1,,1,5,1,1,5,,,D,D,P,P,D,D,P,P,1,0,1,3,2,10,1,2,10,2,8,5.4,1,220,90,220,170,55,170,175,110,110,205,115,115,190,45,190,210,40,210,225,85,85,195,65,65,220,0,110,0,0,0,85,65,3,1,2,7,6,8,4,5,1,0,6,4,6,1,0,3,5,3,1,0,8,5,8,1,0,3,5,3,1,0,5,5,5,1,0,1,5,1,1,0,7,5,7,1,0,8,5,8,110,220,0,85,0,65,0,0,Undergraduate degree (BA/BSc/other),4,"£20,000 - £29,999",Yes,United Kingdom,Yes,Full-Time,25000,0,0,0,0,0,0,0,0,0,0,0,0,25000
1066,5ca27ccf9736bd00015f6ec8,1,23,1,1,1,,2.32,1,0.033850314755941,1.57218876452957,0.825750061946011,P,P,P,P,P,P,P,P,641,0,4,6,4,4,0,4,4,4,4,0,6,6,5,6,0,7,7,5,7,1,,5,1,5,0,7,7,4,7,1,,3,5,3,1,,1,3,1,0,"2,5",,,P,P,P,P,P,P,P,P,0,0,0,2,6,10,6,9,7,6,1,3.3,4,220,90,90,170,55,55,175,110,110,205,115,115,190,45,45,210,40,40,225,85,85,195,65,65,90,55,110,115,0,40,85,65,7,8,1,4,6,2,5,3,1,0,3,5,3,1,0,1,3,1,0,4,6,4,4,0,7,7,5,7,0,7,7,4,7,0,4,4,4,4,1,0,5,1,5,0,6,6,5,6,85,65,90,115,40,55,0,110,Undergraduate degree (BA/BSc/other),8,"£30,000 - £39,999",No,United Kingdom,No,Full-Time,0,35000,0,0,0,0,0,0,0,0,0,0,0,35000
1002,5caa178ffd086000016dd2d3,0,41,2,2,4,,4,1,1.6777844375577,0.245900087993279,0.534891112890857,D,D,D,D,D,D,D,D,395,1,,3,1,3,1,,8,1,8,1,,6,4,6,1,,7,5,7,1,,8,1,8,1,,5,1,5,1,,3,3,3,1,,1,3,1,1,5,,,D,D,P,P,D,D,P,P,0,0,1,7,8,10,2,5,9,1,5,1,2,220,90,220,170,55,170,175,110,110,205,115,115,190,45,190,210,40,210,225,85,85,195,65,65,0,0,110,115,0,0,85,65,4,5,8,3,1,7,2,6,1,0,7,5,7,1,0,8,1,8,1,0,1,3,1,1,0,6,4,6,1,0,3,1,3,1,0,3,3,3,1,0,8,1,8,1,0,5,1,5,115,0,65,110,0,85,0,0,High school diploma/A-levels,4,Rather not say,No,United Kingdom,No,Full-Time,0,0,0,0,0,0,0,0,0,0,0,0,0,0
1572,5cbcc928ec9b730018bad2a9,1,23,2,0,0,,2.8,1,7.10763181209225,0.0938765012950847,-0.293222013480191,D,D,D,D,D,D,D,D,620,0,1,3,4,1,0,4,8,2,4,0,2,5,3,2,1,,2,2,2,0,1,8,4,1,0,7,5,4,7,1,,4,2,4,0,1,8,4,1,0,2,, ,D,D,D,D,D,D,D,D,1,1,0,5,6,7,5,3,1,10,9,1.7,3,220,90,90,170,55,55,175,110,110,205,115,205,190,45,45,210,40,40,225,85,225,195,65,65,90,55,110,205,35,40,0,0,3,4,7,5,6,8,2,1,0,2,5,3,2,1,0,2,2,2,1,0,4,2,4,0,1,8,4,1,0,7,5,4,7,0,1,8,4,1,0,4,8,2,4,0,1,3,4,1,110,205,0,35,40,0,55,90,Graduate degree (MA/MSc/MPhil/other),5,"£16,000 - £19,999",Yes,United Kingdom,Yes,Full-Time,0,0,0,0,0,17500,0,0,0,0,0,0,0,17500
1648,5ccef4423f15b900199e1ec3,1,50,1,0,0,,3.6,1,0.604137494728386,0.707077461225875,0.714538455680858,P,P,P,P,P,P,P,P,527,1,,3,5,3,1,,8,5,8,0,6,6,4,6,0,5,7,5,5,1,,8,2,8,0,8,5,1,8,1,,3,4,3,1,,1,5,1,1,2,,,D,D,P,P,D,D,P,P,0,0,0,5,7,7,5,7,6,2,5,4.4,1,220,90,220,170,55,170,175,110,110,205,115,115,190,45,190,210,40,210,225,85,85,195,65,65,0,170,110,0,0,210,85,65,8,5,6,1,2,4,3,7,1,0,1,5,1,1,0,8,2,8,0,8,5,1,8,1,0,3,5,3,1,0,8,5,8,0,5,7,5,5,0,6,6,4,6,1,0,3,4,3,65,0,210,0,170,0,110,85,Undergraduate degree (BA/BSc/other),4,"£10,000 - £15,999",No,United Kingdom,No,Part-Time,0,0,0,12500,0,0,0,0,0,0,0,0,0,12500
1177,5cd801d431d19f0019425e2e,1,43,1,0,0,"As always with these, I'll be very curious to see the final paper",2.8,1,1.10024985726873,0.437352346959123,0.234909715988428,D,D,D,D,D,D,D,D,501,1,,3,4,3,1,,8,2,8,1,,6,5,6,1,,7,5,7,0,5,8,5,5,0,7,5,2,7,0,3,3,5,3,1,,1,5,1,1,"5,6","Having carefully split the tasks to see where I and the computer disagreed, I think it is less risk adverse than I am and that interests me",,D,D,P,P,D,D,P,P,1,1,0,10,3,8,6,10,6,10,4,5.4,2,220,90,220,170,55,170,175,110,110,205,115,115,190,45,45,210,40,40,225,85,85,195,65,65,220,0,0,115,45,0,85,65,4,5,3,7,1,2,6,8,1,0,7,5,7,0,5,8,5,5,1,0,6,5,6,0,3,3,5,3,1,0,3,4,3,1,0,8,2,8,0,7,5,2,7,1,0,1,5,1,115,45,0,85,220,0,0,65,High school diploma/A-levels,4,"£30,000 - £39,999",Yes,United Kingdom,No,Full-Time,0,35000,0,0,0,0,0,0,0,0,0,0,0,35000
2686,5ce1aee8a80ce000014ae0f5,1,52,1,1,0,,2.66,1,1.88055891267323,0.209601616626291,0.356459444569363,D,D,D,D,D,D,D,D,420,0,3,3,4,3,1,,8,5,8,1,,5,5,5,1,,2,5,2,1,,8,5,8,1,,5,5,5,1,,4,4,4,1,,8,5,8,1,5,,,D,D,D,D,D,D,D,D,0,0,0,7,8,9,6,9,9,2,6,1,3,220,90,220,170,55,170,175,110,175,205,115,205,190,45,190,210,40,210,225,85,225,195,65,195,0,0,0,0,190,0,0,0,7,1,5,6,4,8,3,2,1,0,4,4,4,0,3,3,4,3,1,0,8,5,8,1,0,5,5,5,1,0,2,5,2,1,0,8,5,8,1,0,5,5,5,1,0,8,5,8,0,0,190,0,0,0,0,0,Undergraduate degree (BA/BSc/other),6,"£60,000 - £69,999",No,United Kingdom,No,Full-Time,0,0,0,0,0,0,65000,0,0,0,0,0,0,65000
1862,5ce8e04c06aa230001362dac,1,48,0,1,0,,2.72,1,0.909132110669238,1.5289749064441,0.713179349035387,D,D,P,D,D,D,D,D,813,0,6,3,4,6,0,5,8,2,5,0,6,6,4,6,1,,2,1,2,0,5,8,3,5,0,7,5,2,7,0,3,4,3,3,1,,8,1,8,0,2,,,D,D,P,D,D,D,D,D,1,0,0,4,4,1,2,4,6,5,4,1,3,220,90,90,170,55,170,175,110,110,205,115,205,190,45,45,210,40,40,225,85,85,195,65,195,0,170,110,0,45,0,0,195,5,1,4,6,8,3,2,7,0,5,8,3,5,0,6,3,4,6,1,0,2,1,2,0,7,5,2,7,1,0,8,1,8,0,6,6,4,6,0,5,8,2,5,0,3,4,3,3,45,0,0,0,195,110,170,0,Undergraduate degree (BA/BSc/other),6,"£20,000 - £29,999",No,United Kingdom,Yes,Full-Time,25000,0,0,0,0,0,0,0,0,0,0,0,0,25000
1506,5ce9b0e4be5a6b00163f6870,0,56,1,0,0,Thank you.,2.32,1,0.745223773059162,0.461514579217741,0.344781576379985,D,D,P,D,D,D,D,D,619,0,1,3,5,1,1,,8,1,8,0,2,6,5,2,1,,2,3,2,0,5,8,5,5,0,7,5,5,7,0,7,4,5,7,0,7,8,1,7,0,"1,2",,Thank you.,D,D,P,D,D,D,D,D,0,0,0,1,5,1,7,1,9,1,6,1,4,220,90,90,170,55,170,175,110,110,205,115,205,190,45,45,210,40,40,225,85,85,195,65,65,90,0,105,205,45,40,85,0,4,8,2,3,1,6,5,7,1,0,2,3,2,0,7,8,1,7,1,0,8,1,8,0,2,6,5,2,0,1,3,5,1,0,7,5,5,7,0,5,8,5,5,0,7,4,5,7,205,0,0,105,90,40,45,85,Undergraduate degree (BA/BSc/other),5,"£20,000 - £29,999",No,United Kingdom,No,Full-Time,25000,0,0,0,0,0,0,0,0,0,0,0,0,25000
1394,5ceecd8f12495000011572be,0,53,1,2,0,,2.18,1,1.59579003943852,0.283172767669683,0.819495902417613,D,D,P,P,D,D,P,D,516,0,4,3,4,4,0,2,8,4,2,0,4,6,4,4,0,7,7,4,7,0,5,8,3,5,1,,5,1,5,0,3,3,4,3,0,5,1,4,5,0,"4,5",,,D,D,P,P,D,D,P,P,0,0,0,5,8,5,5,3,3,4,7,1,1,220,90,90,170,55,55,175,110,105,205,115,115,190,45,45,210,40,210,225,85,85,195,65,60,80,0,0,0,45,0,85,60,6,2,1,5,8,3,7,4,1,0,5,1,5,0,2,8,4,2,0,4,3,4,4,0,5,8,3,5,0,5,1,4,5,0,4,6,4,4,0,3,3,4,3,0,7,7,4,7,0,0,80,45,60,0,85,0,Technical/community college,4,"£20,000 - £29,999",No,United Kingdom,No,Part-Time,25000,0,0,0,0,0,0,0,0,0,0,0,0,25000
1038,5cf0e467027fc1001560c7ff,0,63,1,0,0,,4,1,1.11206644088444,0.364693676319648,0.278080961916338,D,D,D,D,D,D,D,D,551,0,4,3,5,4,0,4,8,4,4,0,6,6,5,6,0,1,7,5,1,0,5,8,4,5,0,7,5,5,7,0,4,3,2,4,0,1,1,5,1,0,2,,,D,D,P,P,D,D,P,P,0,0,0,1,10,1,10,4,2,6,5,2.3,2,220,90,90,170,55,55,175,110,110,205,115,115,190,45,45,210,40,40,225,85,225,195,65,65,80,55,110,115,45,40,0,65,7,2,5,1,6,4,3,8,0,4,3,2,4,0,4,8,4,4,0,5,8,4,5,0,4,3,5,4,0,7,5,5,7,0,1,7,5,1,0,6,6,5,6,0,1,1,5,1,0,55,45,80,40,115,110,65,Undergraduate degree (BA/BSc/other),5,"£20,000 - £29,999",Yes,United Kingdom,No,Full-Time,25000,0,0,0,0,0,0,0,0,0,0,0,0,25000
1034,5d02c0e382e4f00001aa20cd,1,52,0,0,0,,2.74,1,2.17403088949759,0.144623317434318,0.341121074540751,D,D,D,D,D,D,D,D,501,1,,3,1,3,0,6,8,3,6,1,,5,2,5,0,3,2,4,3,0,5,8,5,5,0,2,5,4,2,0,3,4,4,3,1,,8,1,8,0,"2,4",,,D,D,D,D,D,D,D,D,0,0,0,3,5,5,1,10,1,6,1,1.7,3,220,90,220,170,55,55,175,110,175,205,115,110,190,45,45,210,40,35,225,85,85,195,65,195,220,55,175,0,45,35,85,0,6,8,5,2,3,4,7,1,0,2,5,4,2,1,0,8,1,8,0,5,8,5,5,0,6,8,3,6,1,0,5,2,5,0,3,2,4,3,0,3,4,4,3,1,0,3,1,3,35,0,45,55,175,0,85,220,Undergraduate degree (BA/BSc/other),6,"£70,000 - £79,999",No,United Kingdom,No,Full-Time,0,0,75000,0,0,0,0,0,0,0,0,0,0,75000
1120,5d04c56a0b54cc0001dad608,1,63,0,0,1,,3.88,1,1.25116091722384,0.296954065812755,0.522821330096511,D,D,P,D,D,D,D,D,583,0,4,3,5,4,0,4,8,5,4,0,6,6,5,6,0,1,2,5,1,0,5,8,5,5,0,7,5,5,7,0,3,4,1,3,1,,8,1,8,0,2,,,D,D,P,D,D,D,D,D,0,0,0,5,3,7,7,5,5,7,5,3.3,4,220,90,90,170,55,55,175,110,110,205,115,115,190,45,45,210,40,40,225,85,85,195,65,195,80,55,110,115,45,40,0,0,1,8,5,3,6,4,7,2,0,4,3,5,4,1,0,8,1,8,0,5,8,5,5,0,6,6,5,6,0,7,5,5,7,0,1,2,5,1,0,3,4,1,3,0,4,8,5,4,80,0,45,110,40,115,0,55,Technical/community college,5,"£40,000 - £49,999",No,United Kingdom,No,Part-Time,0,0,0,0,45000,0,0,0,0,0,0,0,0,45000
2220,5d12ce9596919a0019367dd4,0,45,1,0,0,maybe having the row auto select everything below it as it did get very tedious clicking each and every one,2.68,1,0.834074396627104,0.877312006301395,0.407314313605868,D,D,D,D,D,D,D,D,570,0,6,3,3,6,0,3,8,3,3,0,2,6,4,2,1,,7,4,7,1,,8,2,8,0,7,5,4,7,1,,3,5,3,0,7,1,3,7,1,5,,"interesting study, thanks",D,D,P,P,D,D,P,P,0,0,0,2,2,9,6,9,8,5,7,2.8,1,220,90,90,170,55,165,175,110,110,205,115,115,190,45,190,210,40,40,225,85,85,195,65,65,90,0,105,115,190,40,0,55,8,6,7,4,3,5,2,1,0,7,1,3,7,0,7,5,4,7,1,0,3,5,3,1,0,7,4,7,0,2,6,4,2,1,0,8,2,8,0,3,8,3,3,0,6,3,3,6,55,40,0,115,105,190,0,90,Undergraduate degree (BA/BSc/other),7,"£30,000 - £39,999",Yes,United Kingdom,No,Full-Time,0,35000,0,0,0,0,0,0,0,0,0,0,0,35000
642,5d150669b296b500187df8f9,1,61,1,0,0,,2.8,1,2.33063023785145,0.0819752864950216,0.352598079654695,D,D,D,D,D,D,D,D,320,0,3,3,1,3,0,1,8,1,1,1,,6,1,6,1,,7,5,7,0,5,8,4,5,1,,5,1,5,1,,3,4,3,1,,1,4,1,1,"2,5",,,D,D,P,P,D,D,P,P,0,0,0,7,3,5,8,10,1,2,4,1.9,2,220,90,220,170,55,170,175,110,110,205,115,115,190,45,45,210,40,210,225,85,85,195,65,65,0,0,0,115,45,0,85,65,4,7,2,6,8,1,3,5,1,0,7,5,7,1,0,3,4,3,0,1,8,1,1,1,0,5,1,5,1,0,1,4,1,0,3,3,1,3,1,0,6,1,6,0,5,8,4,5,115,85,0,0,65,0,0,45,Undergraduate degree (BA/BSc/other),6,"£100,000 - £149,999",No,United Kingdom,No,Full-Time,0,0,0,0,0,0,0,0,0,0,0,0,125000,125000
991,5d1904fd8b97090001215bdf,1,55,2,0,0,,2.7,1,1.20026518612734,0.255228211729553,0.532813222038388,D,D,P,P,D,D,D,D,408,0,6,3,4,6,0,4,8,3,4,1,,6,5,6,0,7,7,4,7,0,5,8,4,5,1,,5,4,5,0,3,4,4,3,0,1,8,5,1,0,5,,,D,D,P,P,D,D,D,D,0,0,0,6,4,3,2,3,2,4,10,1.9,3,220,90,90,170,55,55,175,110,110,205,115,115,190,45,45,210,40,210,225,85,85,195,65,65,0,0,0,115,45,210,85,65,4,8,1,7,2,3,5,6,0,7,7,4,7,0,1,8,5,1,0,6,3,4,6,0,3,4,4,3,0,4,8,3,4,1,0,6,5,6,0,5,8,4,5,1,0,5,4,5,115,65,0,85,0,0,45,210,Graduate degree (MA/MSc/MPhil/other),6,"£40,000 - £49,999",No,United Kingdom,No,Full-Time,0,0,0,0,45000,0,0,0,0,0,0,0,0,45000
1934,5d190e1c686b190018ea4d86,1,36,0,1,0,,3.82,1,0.761299458188381,0.918406510549456,0.343941969778213,D,D,D,D,D,D,D,D,553,1,,3,5,3,0,4,8,1,4,1,,5,1,5,1,,2,2,2,1,,8,3,8,1,,5,3,5,1,,4,1,4,1,,8,3,8,0,2,,,D,D,D,D,D,D,D,D,0,0,0,10,4,8,2,2,2,2,10,5.2,4,220,90,220,170,55,55,175,110,175,205,115,205,190,45,190,210,40,210,225,85,225,195,65,195,220,0,0,0,0,210,0,0,1,8,5,6,4,3,7,2,1,0,3,5,3,1,0,8,3,8,1,0,8,3,8,1,0,5,3,5,1,0,2,2,2,1,0,5,1,5,1,0,4,1,4,0,4,8,1,4,220,0,0,210,0,0,0,0,High school diploma/A-levels,3,"£50,000 - £59,999",No,United Kingdom,No,Full-Time,0,0,0,0,0,0,0,0,0,0,55000,0,0,55000
969,5d1e3a4851bab9000116226f,0,42,0,0,0,,2,1,3.80414173567276,0.0265794312300699,0.69962727264845,D,D,D,D,D,D,D,D,387,1,,3,2,3,0,4,8,4,4,1,,6,4,6,1,,7,4,7,0,1,8,4,1,0,4,5,4,4,1,,3,4,3,0,1,1,4,1,1,5,,,D,D,P,P,D,D,P,P,0,1,0,1,1,6,3,5,1,3,2,1,1,220,90,220,170,55,55,175,110,110,205,115,115,190,45,45,210,40,40,225,85,85,195,65,65,0,0,110,0,35,0,85,65,1,6,4,7,5,2,3,8,1,0,3,2,3,0,4,5,4,4,1,0,7,4,7,1,0,3,4,3,0,1,8,4,1,0,4,8,4,4,1,0,6,4,6,0,1,1,4,1,0,0,0,85,35,0,110,65,Graduate degree (MA/MSc/MPhil/other),6,"£80,000 - £89,999",No,United Kingdom,No,Full-Time,0,0,0,0,0,0,0,0,0,0,0,85000,0,85000
2524,5d21aed085192700013a5282,0,64,2,0,1,No comments.,2.4,1,0.940019240787164,0.310505262312238,-0.224375769473337,D,D,D,D,D,D,D,D,945,1,,3,5,3,1,,8,5,8,1,,6,5,6,0,7,7,1,7,1,,8,1,8,1,,5,3,5,1,,3,1,3,1,,1,5,1,1,"2,5",,I believe I did not see the outcome of the first selection by the computer on the first lottery run. I'm not sure if that was my fault or if there was a glitch in the result display.,D,D,P,P,D,D,P,P,0,0,0,4,7,4,1,2,2,7,5,4.4,2,220,90,220,170,55,170,175,110,110,205,115,115,190,45,190,210,40,210,225,85,85,195,65,65,220,170,110,0,0,210,0,65,6,4,8,5,7,3,1,2,1,0,5,3,5,0,7,7,1,7,1,0,1,5,1,1,0,8,1,8,1,0,3,1,3,1,0,6,5,6,1,0,3,5,3,1,0,8,5,8,210,0,65,0,0,110,220,170,Undergraduate degree (BA/BSc/other),5,"£10,000 - £15,999",Yes,United Kingdom,No,Full-Time,0,0,0,12500,0,0,0,0,0,0,0,0,0,12500
1437,5d24832b38abb10001aff2e7,0,64,0,0,0,,2.48,1,1.17381940966493,0.823067837872127,0.873501244536979,D,D,P,P,D,D,P,P,537,1,,3,3,3,1,,8,3,8,1,,6,5,6,1,,7,5,7,1,,8,3,8,1,,5,2,5,1,,3,5,3,1,,1,5,1,1,2,,,D,D,P,P,D,D,P,P,0,0,0,6,2,1,3,2,6,6,7,5.2,3,220,90,220,170,55,170,175,110,110,205,115,115,190,45,190,210,40,210,225,85,85,195,65,65,0,0,110,0,0,210,85,65,1,7,2,6,4,5,3,8,1,0,3,3,3,1,0,3,5,3,1,0,8,3,8,1,0,5,2,5,1,0,7,5,7,1,0,8,3,8,1,0,6,5,6,1,0,1,5,1,0,85,0,210,0,0,110,65,Undergraduate degree (BA/BSc/other),7,"£80,000 - £89,999",Yes,United Kingdom,No,Full-Time,0,0,0,0,0,0,0,0,0,0,0,85000,0,85000
1032,5d30559f95d88f0019378e9c,0,39,1,0,0,,3.88,1,1.22008716869,0.349143305371798,0.567964112212554,D,D,P,P,D,D,D,D,481,0,4,3,4,4,0,4,8,5,4,0,6,6,2,6,0,1,7,1,1,1,,8,1,8,1,,5,1,5,0,3,4,5,3,0,5,8,5,5,0,2,,,D,D,P,P,D,D,D,D,0,0,0,1,10,5,3,6,10,1,1,2.6,4,220,90,90,170,55,55,175,110,110,205,115,115,190,45,190,210,40,210,225,85,85,195,65,60,80,55,0,0,0,0,85,60,6,5,8,2,1,3,4,7,1,0,5,1,5,1,0,8,1,8,0,5,8,5,5,0,4,8,5,4,0,4,3,4,4,0,6,6,2,6,0,1,7,1,1,0,3,4,5,3,0,0,60,55,80,0,0,85,Technical/community college,5,"£30,000 - £39,999",Yes,United Kingdom,No,Full-Time,0,35000,0,0,0,0,0,0,0,0,0,0,0,35000
1283,5d4d9ea8c088850019ec5b32,1,48,1,3,0,,2.1,1,-22.2358241602975,0.00477486107703841,-8.9017855786342,P,P,D,P,P,P,P,P,436,1,,3,2,3,1,,8,2,8,1,,6,5,6,0,5,7,4,5,0,5,8,4,5,0,4,5,4,4,0,7,3,4,7,1,,1,4,1,0,4,,,D,D,P,P,D,D,P,P,0,0,0,6,5,9,8,2,4,4,9,1,1,220,90,220,170,55,170,175,110,110,205,115,115,190,45,45,210,40,40,225,85,85,195,65,65,0,0,110,115,45,40,85,0,6,3,1,5,8,4,2,7,0,4,5,4,4,1,0,6,5,6,1,0,3,2,3,0,5,8,4,5,1,0,1,4,1,0,5,7,4,5,1,0,8,2,8,0,7,3,4,7,40,110,0,45,0,115,0,85,Graduate degree (MA/MSc/MPhil/other),4,"£30,000 - £39,999",Yes,United Kingdom,No,Part-Time,0,35000,0,0,0,0,0,0,0,0,0,0,0,35000
928,5d5a75c570a7c1000152623e,0,38,0,0,0,Thank you. This looks like interesting research. I hope that it goes well.,2.6,1,0.978062487270118,0.9015881971582,0.972508896731839,D,D,P,P,P,D,P,P,531,0,6,3,5,6,0,4,8,5,4,0,6,6,5,6,0,7,7,5,7,0,5,8,5,5,0,7,5,5,7,0,3,3,5,3,0,1,1,5,1,0,6,"Although on average the computer algorithm will give me the best average, the chances of winning on the randomly selected single task will be greater if I picked the one with the highest chance of winning something (e.g. lower risk but slightly lower reward)",Thank you. This looks like very interesting research. I hope that it goes well.,D,D,P,P,D,D,P,P,0,0,0,2,9,6,1,3,4,4,5,2.8,2,220,90,90,170,55,55,175,110,110,205,115,115,190,45,45,210,40,40,225,85,85,195,65,65,90,55,110,0,45,40,85,65,6,1,3,5,4,2,8,7,0,7,5,5,7,0,6,3,5,6,0,6,6,5,6,0,5,8,5,5,0,7,7,5,7,0,4,8,5,4,0,1,1,5,1,0,3,3,5,3,40,90,110,45,0,55,65,85,Doctorate degree (PhD/other),6,"£40,000 - £49,999",No,United Kingdom,No,Full-Time,0,0,0,0,45000,0,0,0,0,0,0,0,0,45000
1198,5d5e66b3844f160001f24150,1,64,0,0,0,,8,1,1.86685877888381,0.300894163254707,0.635543497711336,D,D,D,D,D,D,D,D,512,0,6,3,5,6,0,4,8,5,4,1,,5,2,5,1,,2,1,2,0,5,8,5,5,0,7,5,4,7,1,,4,2,4,0,1,8,5,1,0,2,,,D,D,D,D,D,D,D,D,0,0,0,10,6,3,1,1,9,4,8,2.1,3,220,90,90,170,55,55,175,110,175,205,115,205,190,45,45,210,40,40,225,85,225,195,65,65,90,55,175,0,45,40,0,65,7,3,6,5,1,2,4,8,1,0,4,2,4,1,0,5,2,5,0,7,5,4,7,0,5,8,5,5,0,6,3,5,6,0,4,8,5,4,1,0,2,1,2,0,1,8,5,1,0,175,40,45,90,55,0,65,High school diploma/A-levels,7,"£40,000 - £49,999",No,United Kingdom,No,Part-Time,0,0,0,0,45000,0,0,0,0,0,0,0,0,45000
455,5d68c8aa40524c00189e8ac2,0,32,1,1,1,,3.48,1,0.716251918330006,0.469146808375193,0.705857757772908,P,P,P,P,P,P,P,P,2196,0,6,6,1,6,0,4,4,5,4,0,6,6,5,6,0,7,7,5,7,0,5,5,5,5,0,7,7,5,7,0,3,3,1,3,0,7,1,5,7,0,"1,2",,,P,P,P,P,P,P,P,P,0,0,0,6,5,7,10,1,2,7,1,2.3,4,220,90,90,170,55,55,175,110,110,205,115,115,190,45,45,210,40,40,225,85,85,195,65,65,0,55,110,115,45,40,0,65,7,3,2,8,5,6,4,1,0,3,3,1,3,0,6,6,5,6,0,4,4,5,4,0,7,1,5,7,0,5,5,5,5,0,7,7,5,7,0,7,7,5,7,0,6,6,1,6,0,110,55,65,45,40,115,0,High school diploma/A-levels,3,"£10,000 - £15,999",Yes,United Kingdom,No,Full-Time,0,0,0,12500,0,0,0,0,0,0,0,0,0,12500
1751,5d6bfd6f3a9682001bd62534,1,49,2,0,0,none,2,1,0.869363868979069,0.904621786755944,0.390998989581739,D,D,D,D,D,D,D,D,625,1,,3,3,3,1,,8,4,8,1,,6,4,6,1,,7,4,7,1,,8,4,8,1,,5,4,5,1,,3,4,3,1,,1,4,1,1,2,,none,D,D,P,P,D,D,P,P,0,0,0,2,10,2,8,3,2,6,7,1,1,220,90,220,170,55,170,175,110,110,205,115,115,190,45,190,210,40,210,225,85,85,195,65,65,0,0,110,115,0,210,85,65,1,8,4,3,7,6,2,5,1,0,3,3,3,1,0,1,4,1,1,0,7,4,7,1,0,6,4,6,1,0,3,4,3,1,0,5,4,5,1,0,8,4,8,1,0,8,4,8,0,65,115,110,85,210,0,0,Undergraduate degree (BA/BSc/other),5,"£40,000 - £49,999",No,United Kingdom,No,Full-Time,0,0,0,0,45000,0,0,0,0,0,0,0,0,45000
663,5d6d953846ef42001504fb39,1,31,1,0,0,,4,1,1.12435911348318,0.467328345738738,0.529909144879,D,D,P,D,D,D,D,D,366,0,4,3,1,4,0,5,8,5,5,0,6,6,5,6,0,7,7,5,7,0,5,8,5,5,0,7,5,5,7,0,5,3,5,5,0,3,1,1,3,0,"2,4,5",,,D,D,P,P,D,D,P,P,1,0,1,6,4,7,9,8,2,4,6,1.8,2,220,90,90,170,55,170,175,110,110,205,115,115,190,45,45,210,40,40,225,85,85,195,65,65,0,170,110,115,45,40,75,0,2,3,7,4,8,6,1,5,0,5,8,5,5,0,6,6,5,6,0,5,3,5,5,0,7,7,5,7,0,3,1,1,3,0,7,5,5,7,0,4,3,1,4,0,5,8,5,5,170,110,75,115,0,40,0,45,Technical/community college,5,"£30,000 - £39,999",No,United Kingdom,No,Full-Time,0,35000,0,0,0,0,0,0,0,0,0,0,0,35000
833,5d776e218a8d1d00166d36a6,0,32,1,1,0,,3.24,1,1.15211510264575,0.409222860462052,0.647218856952203,D,D,P,P,D,D,P,D,786,0,6,3,4,6,0,4,8,3,4,0,6,6,4,6,0,7,7,4,7,0,6,8,1,6,0,7,5,3,7,0,2,3,1,2,0,1,8,5,1,0,5,,,D,D,P,P,D,D,P,D,0,0,0,7,9,7,7,2,9,8,1,1.8,3,220,90,90,170,55,55,175,110,110,205,115,115,190,45,190,210,40,40,225,85,225,195,65,65,90,55,110,115,0,40,0,65,7,5,8,3,4,1,6,2,0,2,3,1,2,0,6,8,1,6,0,1,8,5,1,0,6,6,4,6,0,7,7,4,7,0,6,3,4,6,0,7,5,3,7,0,4,8,3,4,0,0,65,110,115,90,40,55,Technical/community college,5,"£10,000 - £15,999",No,United Kingdom,No,Full-Time,0,0,0,12500,0,0,0,0,0,0,0,0,0,12500
1485,5d7824b816dea6000130d65f,1,54,0,0,0,,3.52,1,3.68709173228406,0.0771558162352793,1.48974726077505,D,D,P,P,D,D,P,D,509,0,2,3,5,2,0,4,8,1,4,0,2,6,5,2,0,7,7,5,7,0,5,8,4,5,1,,5,1,5,0,1,3,5,1,0,1,8,5,1,0,1,,,D,D,P,P,D,D,P,D,0,0,0,2,1,1,2,2,9,4,10,2.3,4,220,90,85,170,55,55,175,110,110,205,115,115,190,45,45,210,40,210,225,85,80,195,65,65,85,0,105,115,45,0,80,65,6,5,1,4,8,7,3,2,1,0,5,1,5,0,5,8,4,5,0,2,3,5,2,0,7,7,5,7,0,1,8,5,1,0,1,3,5,1,0,2,6,5,2,0,4,8,1,4,0,45,85,115,65,80,105,0,High school diploma/A-levels,3,"£16,000 - £19,999",No,United Kingdom,No,Part-Time,0,0,0,0,0,17500,0,0,0,0,0,0,0,17500
888,5d852156e125a10001e35a8d,0,54,1,0,0,,2.72,1,1.08664237191334,0.374067533795074,0.311909462340739,D,D,D,D,D,D,D,D,412,1,,3,4,3,1,,8,4,8,1,,6,5,6,1,,7,5,7,1,,8,3,8,1,,5,5,5,1,,3,5,3,1,,1,5,1,1,2,,,D,D,P,P,D,D,P,P,0,0,0,1,6,10,5,7,6,3,6,1,1,220,90,220,170,55,170,175,110,110,205,115,115,190,45,190,210,40,210,225,85,85,195,65,65,0,0,110,0,0,210,85,0,3,4,8,6,2,1,7,5,1,0,6,5,6,1,0,7,5,7,1,0,1,5,1,1,0,5,5,5,1,0,8,4,8,1,0,3,4,3,1,0,3,5,3,1,0,8,3,8,110,0,0,210,0,0,85,0,High school diploma/A-levels,7,Rather not say,No,United Kingdom,No,"Not in paid work (e.g. homemaker', 'retired or disabled)",0,0,0,0,0,0,0,0,0,0,0,0,0,0
1384,5d87a74208667b0001eff922,0,53,2,2,3,,2.36,1,2.52768625229352,0.161344587405187,0.634036580872947,D,D,D,D,D,D,D,D,418,1,,3,1,3,0,4,8,1,4,0,6,6,5,6,0,3,7,5,3,0,4,8,1,4,0,7,5,1,7,0,1,3,5,1,0,7,1,1,7,0,"2,5",,,D,D,P,P,D,D,P,P,0,0,0,5,1,10,2,6,3,1,6,3.2,2,220,90,220,170,55,55,175,110,110,205,115,110,190,45,190,210,40,40,225,85,80,195,65,65,0,0,110,110,0,0,80,0,5,7,1,3,4,2,6,8,0,4,8,1,4,0,1,3,5,1,1,0,3,1,3,0,6,6,5,6,0,3,7,5,3,0,4,8,1,4,0,7,5,1,7,0,7,1,1,7,0,80,0,110,110,0,0,0,Technical/community college,7,"£40,000 - £49,999",No,United Kingdom,No,Full-Time,0,0,0,0,45000,0,0,0,0,0,0,0,0,45000
1063,5da74713c2a70a0015a1297b,0,46,0,0,1,,3.6,1,1.56874580711501,0.623320839384214,0.266786475336796,D,D,D,D,D,D,D,D,508,0,2,3,1,2,0,4,8,4,4,0,6,5,4,6,0,8,2,4,8,1,,8,1,8,0,1,5,1,1,0,1,4,1,1,1,,8,1,8,0,"2,5",,,D,D,D,D,D,D,D,D,0,0,1,4,2,1,7,1,8,5,8,1,4,220,90,85,170,55,55,175,110,110,205,115,200,190,45,190,210,40,205,225,85,80,195,65,195,0,55,110,200,0,0,0,0,6,7,8,4,2,3,1,5,0,1,5,1,1,0,1,4,1,1,1,0,8,1,8,0,8,2,4,8,0,4,8,4,4,0,6,5,4,6,0,2,3,1,2,1,0,8,1,8,0,0,0,200,55,110,0,0,Secondary education (e.g. GED/GCSE),6,Rather not say,Yes,United Kingdom,No,Full-Time,0,0,0,0,0,0,0,0,0,0,0,0,0,0
960,5daa50967776b10016e1bc9b,0,36,1,0,0,,3.58,1,1.17550261386851,0.725489237295202,0.547520469228057,D,D,D,D,D,D,D,D,444,1,,3,3,3,0,8,8,3,8,0,2,6,4,2,0,7,7,4,7,0,5,8,2,5,0,4,5,2,4,0,7,3,3,7,0,1,1,3,1,0,5,,,D,D,P,P,D,D,P,P,0,0,0,4,6,5,7,2,4,5,6,1,1,220,90,220,170,55,170,175,110,110,205,115,115,190,45,45,210,40,40,225,85,85,195,65,65,220,0,0,115,45,40,0,0,1,4,6,2,5,8,7,3,1,0,3,3,3,0,7,7,4,7,0,4,5,2,4,0,8,8,3,8,0,5,8,2,5,0,1,1,3,1,0,7,3,3,7,0,2,6,4,2,220,115,40,0,45,0,0,0,Technical/community college,5,"£30,000 - £39,999",No,United Kingdom,No,Full-Time,0,35000,0,0,0,0,0,0,0,0,0,0,0,35000
801,5db63b797a466c000c82666a,1,32,0,0,1,,2.76,1,1.748234252259,0.299332370753734,0.806407729418525,D,D,P,P,D,D,D,D,509,0,2,3,4,2,0,4,8,3,4,1,,6,5,6,0,7,7,1,7,1,,8,1,8,0,6,5,1,6,0,1,4,5,1,0,1,8,4,1,0,1,,,D,D,P,P,D,D,D,D,0,0,0,9,5,4,1,10,3,3,7,1,4,220,90,85,170,55,55,175,110,110,205,115,115,190,45,190,210,40,40,225,85,80,195,65,65,85,55,110,0,0,0,80,65,1,2,4,5,6,3,7,8,0,2,3,4,2,0,4,8,3,4,0,7,7,1,7,1,0,8,1,8,0,6,5,1,6,1,0,6,5,6,0,1,4,5,1,0,1,8,4,1,85,55,0,0,0,110,80,65,High school diploma/A-levels,3,"£30,000 - £39,999",No,United Kingdom,No,Full-Time,0,35000,0,0,0,0,0,0,0,0,0,0,0,35000
1323,5dbc9261741450232111d080,1,32,1,0,0,,3.22,1,1.65385804633878,0.397476713890251,0.573244813727871,D,D,D,D,D,D,D,D,533,0,6,3,1,6,0,4,8,5,4,0,6,6,5,6,0,7,7,5,7,0,5,8,5,5,0,6,5,4,6,1,,3,5,3,1,,1,5,1,0,5,,,D,D,P,P,D,D,P,P,0,0,0,4,6,1,9,2,8,8,5,1.6,2,220,90,90,170,55,55,175,110,110,205,115,115,190,45,45,210,40,40,225,85,85,195,65,65,0,55,110,115,45,30,85,65,7,2,8,3,4,6,5,1,1,0,3,5,3,0,4,8,5,4,1,0,1,5,1,0,6,6,5,6,0,7,7,5,7,0,6,5,4,6,0,5,8,5,5,0,6,3,1,6,85,55,65,110,115,30,45,0,Undergraduate degree (BA/BSc/other),5,"£40,000 - £49,999",No,United Kingdom,No,Part-Time,0,0,0,0,45000,0,0,0,0,0,0,0,0,45000
1806,5dc71b96d210e45213e92359,0,44,0,0,0,,2.4,1,1.03702423891184,0.471220268801772,0.54615090018392,D,D,P,P,D,D,P,D,786,0,6,3,5,6,1,,8,2,8,0,7,6,4,7,0,6,7,3,6,1,,8,2,8,1,,5,3,5,1,,3,4,3,0,3,8,4,3,0,"1,5",,,D,D,P,P,D,D,P,D,0,0,0,9,1,10,6,7,6,2,5,3.2,3,220,90,90,170,55,170,175,110,110,205,115,205,190,45,190,210,40,210,225,85,85,195,65,65,90,170,110,0,0,210,85,65,8,3,6,2,7,1,5,4,0,3,8,4,3,0,7,6,4,7,1,0,5,3,5,1,0,8,2,8,1,0,3,4,3,0,6,3,5,6,1,0,8,2,8,0,6,7,3,6,65,110,210,170,85,90,0,0,Undergraduate degree (BA/BSc/other),6,"£16,000 - £19,999",Yes,United Kingdom,No,Full-Time,0,0,0,0,0,17500,0,0,0,0,0,0,0,17500
1317,5dcff3985a40f20f62df1f48,1,37,1,0,0,,6.2,1,2.03922141204557,0.394640534764647,0.545804100569005,D,D,D,D,D,D,D,D,422,0,6,3,5,6,0,4,8,4,4,0,6,5,5,6,0,7,2,3,7,0,5,8,4,5,0,6,5,4,6,0,3,4,3,3,1,,8,4,8,0,"1,2,5",,,D,D,D,D,D,D,D,D,0,0,1,2,3,10,1,10,7,5,2,1,4,220,90,90,170,55,55,175,110,110,205,115,115,190,45,45,210,40,40,225,85,85,195,65,195,90,55,110,0,45,40,0,0,1,6,4,7,8,2,5,3,0,6,3,5,6,0,6,5,4,6,0,7,2,3,7,0,3,4,3,3,1,0,8,4,8,0,4,8,4,4,0,5,8,4,5,0,6,5,5,6,90,40,0,0,0,55,45,110,Secondary education (e.g. GED/GCSE),3,"£16,000 - £19,999",No,United Kingdom,No,Full-Time,0,0,0,0,0,17500,0,0,0,0,0,0,0,17500
1028,5de78a8e36d8257071f28d9f,0,59,0,1,0,,7.1,1,1.00834067748758,0.548129910350661,0.639632779492221,D,D,P,P,D,D,P,P,484,0,5,3,2,5,1,,8,2,8,1,,6,4,6,1,,7,4,7,0,8,8,1,8,1,,5,1,5,0,5,3,4,5,0,4,1,1,4,1,5,,,D,D,P,P,D,D,P,P,0,0,0,9,7,9,3,10,9,5,6,1,1,220,90,220,170,55,170,175,110,110,205,115,115,190,45,190,210,40,210,225,85,85,195,65,195,0,170,110,0,0,0,0,0,6,8,4,1,3,7,2,5,1,0,5,1,5,0,4,1,1,4,1,0,7,4,7,0,5,3,2,5,1,0,6,4,6,0,5,3,4,5,1,0,8,2,8,0,8,8,1,8,0,0,0,0,110,0,170,0,Secondary education (e.g. GED/GCSE),6,"£30,000 - £39,999",No,United Kingdom,No,Full-Time,0,35000,0,0,0,0,0,0,0,0,0,0,0,35000
1763,5dea6cdd245a4617ff0cba9e,0,36,2,2,1,,4,1,0.626192691692681,0.851059413576073,0.723692467639984,P,D,P,P,P,P,P,P,558,0,6,3,4,6,0,4,8,4,4,1,,6,5,6,1,,7,4,7,0,1,8,3,1,0,2,5,3,2,1,,3,1,3,1,,1,5,1,1,2,,,D,D,P,P,D,D,P,P,0,0,0,10,5,4,9,5,7,5,5,2.3,2,220,90,90,170,55,55,175,110,110,205,115,115,190,45,45,210,40,35,225,85,85,195,65,65,90,55,110,115,35,35,0,65,6,2,1,5,3,4,8,7,0,2,5,3,2,0,4,8,4,4,0,6,3,4,6,0,1,8,3,1,1,0,6,5,6,1,0,7,4,7,1,0,1,5,1,1,0,3,1,3,35,55,90,35,110,115,65,0,Graduate degree (MA/MSc/MPhil/other),6,"£20,000 - £29,999",No,United Kingdom,No,Full-Time,25000,0,0,0,0,0,0,0,0,0,0,0,0,25000
855,5decc61a488cde39be161a91,0,63,0,0,0,n/a,3.24,1,1.68163469216765,0.268169093723842,0.245255876411054,D,D,D,D,D,D,D,D,703,0,4,3,4,4,0,6,8,4,6,0,6,5,3,6,1,,2,2,2,1,,8,1,8,1,,5,1,5,0,1,4,4,1,1,,8,1,8,0,"1,5,6",The computer choice didn't bear any relation to how i would have chosen.,,D,D,D,D,D,D,D,D,0,0,0,8,5,8,7,6,1,2,1,1,3,220,90,90,170,55,55,175,110,110,205,115,205,190,45,190,210,40,210,225,85,80,195,65,195,0,55,0,205,0,0,80,0,2,8,1,5,7,4,3,6,0,6,8,4,6,1,0,8,1,8,0,4,3,4,4,1,0,8,1,8,0,1,4,4,1,1,0,2,2,2,0,6,5,3,6,1,0,5,1,5,55,0,0,0,80,205,0,0,Graduate degree (MA/MSc/MPhil/other),3,"£10,000 - £15,999",Yes,United Kingdom,No,Full-Time,0,0,0,12500,0,0,0,0,0,0,0,0,0,12500
938,5deebd169b8f245615d59507,0,61,0,2,4,,3.1,1,0.652263309368315,0.43441312677733,0.0970978178848349,D,D,D,D,D,D,D,D,493,0,6,3,5,6,1,,8,1,8,0,6,5,5,6,0,3,2,5,3,0,5,8,4,5,0,7,5,4,7,0,3,4,1,3,0,1,8,4,1,0,5,,,D,D,D,D,D,D,D,D,1,0,0,10,6,7,9,6,9,7,8,1.8,4,220,90,90,170,55,170,175,110,110,205,115,110,190,45,45,210,40,40,225,85,85,195,65,65,90,0,110,110,45,40,0,65,2,6,3,7,8,1,5,4,1,0,8,1,8,0,7,5,4,7,0,6,5,5,6,0,3,4,1,3,0,1,8,4,1,0,6,3,5,6,0,5,8,4,5,0,3,2,5,3,0,40,110,0,65,90,45,110,Secondary education (e.g. GED/GCSE),6,"£20,000 - £29,999",Yes,United Kingdom,No,Full-Time,25000,0,0,0,0,0,0,0,0,0,0,0,0,25000
1236,5df16d597adf4b08a7e779f1,1,40,1,2,2,"interesting, seems linked to gambling mentality",2.32,1,0.584316402667425,0.997805600157022,0.390098077547948,D,D,P,D,D,D,D,D,421,0,1,3,4,1,0,4,8,3,4,0,2,6,5,2,1,,2,1,2,0,5,8,4,5,0,4,5,4,4,1,,4,1,4,1,,8,2,8,0,"2,4,5",,I don't feel like the computer actually based decisions on what I had done in the first part of the study,D,D,P,D,D,D,D,D,0,0,0,6,7,2,8,3,3,5,2,1,3,220,90,90,170,55,55,175,110,110,205,115,205,190,45,45,210,40,40,225,85,225,195,65,195,0,55,110,0,45,0,0,0,7,6,3,5,8,1,4,2,1,0,4,1,4,0,4,5,4,4,0,2,6,5,2,0,5,8,4,5,1,0,8,2,8,0,1,3,4,1,1,0,2,1,2,0,4,8,3,4,0,0,110,45,0,0,0,55,Graduate degree (MA/MSc/MPhil/other),7,"£60,000 - £69,999",No,United Kingdom,No,Part-Time,0,0,0,0,0,0,65000,0,0,0,0,0,0,65000
1394,5dfedfbb557425b599c8c523,1,55,0,0,0,,2.58,1,1.2931704604999,0.15078191096205,0.414068009601847,D,D,P,D,D,D,D,D,854,0,6,3,5,6,1,,8,3,8,0,6,6,5,6,0,7,7,5,7,0,5,8,5,5,0,7,5,5,7,1,,3,5,3,0,3,1,5,3,0,"4,6",I would rather have the chance of winning something rather than a lower chance of winning a higher amount which I think could be different to the computer,,D,D,P,P,D,D,P,P,0,0,0,10,1,9,6,3,6,10,6,2.7,1,220,90,90,170,55,170,175,110,110,205,115,115,190,45,45,210,40,40,225,85,85,195,65,65,90,170,110,115,45,0,85,0,7,2,6,4,1,3,5,8,1,0,3,5,3,1,0,8,3,8,0,7,5,5,7,0,7,7,5,7,0,6,3,5,6,0,6,6,5,6,0,5,8,5,5,0,3,1,5,3,85,170,0,115,90,110,45,0,Technical/community college,3,"Less than £10,000",No,United Kingdom,No,Part-Time,0,0,0,0,0,0,0,5000,0,0,0,0,0,5000
946,5e0dd8d94cac685279492212,1,37,1,0,1,,2.9,1,3.31383917272801,0.00669383652724999,1.82183635578705,P,D,P,P,P,D,P,P,488,1,,3,3,3,0,4,8,4,4,0,6,6,5,6,0,7,7,5,7,0,5,8,4,5,1,,5,2,5,0,3,3,4,3,0,1,1,4,1,0,5,,,D,D,P,P,D,D,P,P,0,0,0,8,9,7,6,2,7,8,8,2.7,2,220,90,220,170,55,55,175,110,110,205,115,115,190,45,45,210,40,210,225,85,85,195,65,65,0,55,110,115,45,0,85,65,8,1,2,5,6,4,7,3,0,1,1,4,1,1,0,3,3,3,0,4,8,4,4,0,5,8,4,5,1,0,5,2,5,0,7,7,5,7,0,3,3,4,3,0,6,6,5,6,65,0,55,45,0,115,85,110,Graduate degree (MA/MSc/MPhil/other),7,"£40,000 - £49,999",No,United Kingdom,No,Full-Time,0,0,0,0,45000,0,0,0,0,0,0,0,0,45000
1842,5e13859753e8469d270982c0,0,35,0,0,0,,3.1,1,1.88830032284438,0.0992748019905712,0.181077233580968,D,D,D,D,D,D,D,D,674,0,5,3,1,5,0,4,8,3,4,0,6,5,4,6,1,,2,2,2,1,,8,2,8,0,7,5,4,7,0,3,4,3,3,0,3,8,4,3,0,"2,5",,,D,D,D,D,D,D,D,D,0,0,0,9,5,6,1,2,9,9,2,2.7,3,220,90,220,170,55,55,175,110,110,205,115,205,190,45,190,210,40,40,225,85,85,195,65,65,0,55,110,0,0,40,85,65,5,2,4,7,6,3,8,1,1,0,8,2,8,0,4,8,3,4,1,0,2,2,2,0,3,4,3,3,0,7,5,4,7,0,6,5,4,6,0,3,8,4,3,0,5,3,1,5,0,55,0,85,40,110,65,0,High school diploma/A-levels,4,"£50,000 - £59,999",No,United Kingdom,No,Full-Time,0,0,0,0,0,0,0,0,0,0,55000,0,0,55000
895,5e1ce5942923360769c7af3a,0,33,0,0,0,,3.9,1,0.862498490735496,0.76529898320053,0.73068129601601,D,D,P,P,D,D,P,P,517,0,6,3,4,6,0,2,8,1,2,0,2,6,4,2,0,1,7,3,1,1,,8,1,8,0,7,5,1,7,0,3,3,4,3,0,1,1,4,1,0,"2,4",,,D,D,P,P,D,D,P,P,0,0,0,1,4,9,5,3,6,6,5,3.1,4,220,90,90,170,55,55,175,110,110,205,115,115,190,45,190,210,40,40,225,85,85,195,65,65,90,0,105,0,0,0,85,65,2,3,7,5,8,1,6,4,0,2,8,1,2,0,2,6,4,2,0,3,3,4,3,1,0,8,1,8,0,1,1,4,1,0,6,3,4,6,0,7,5,1,7,0,1,7,3,1,0,105,85,0,65,90,0,0,Undergraduate degree (BA/BSc/other),7,"£70,000 - £79,999",No,United Kingdom,No,Full-Time,0,0,75000,0,0,0,0,0,0,0,0,0,0,75000
1140,5e1e6eccd727e91c36a943fd,0,48,0,2,2,,2.8,1,0.795326409836232,0.939186217628871,0.464627075350337,D,D,P,D,D,D,D,D,922,1,,3,4,3,1,,8,4,8,0,6,6,5,6,1,,7,5,7,1,,8,2,8,0,4,5,5,4,0,3,3,5,3,0,4,1,2,4,0,5,,,D,D,P,P,D,D,P,P,0,0,1,10,6,8,6,9,5,1,10,4.8,1,220,90,220,170,55,170,175,110,110,205,115,115,190,45,190,210,40,40,225,85,85,195,65,195,220,0,0,115,190,40,85,0,8,6,4,5,2,3,1,7,0,4,1,2,4,0,4,5,5,4,1,0,7,5,7,1,0,8,2,8,1,0,8,4,8,0,6,6,5,6,1,0,3,4,3,0,3,3,5,3,0,40,115,190,0,0,220,85,Undergraduate degree (BA/BSc/other),7,"£16,000 - £19,999",No,United Kingdom,No,Full-Time,0,0,0,0,0,17500,0,0,0,0,0,0,0,17500
757,5e32db8f239ceb2a8e57d928,0,31,0,0,0,,2,1,0.839645938000858,1.24846291459696,0.160999757008729,D,D,D,D,D,D,D,D,465,1,,3,1,3,0,3,8,1,3,1,,6,5,6,1,,7,5,7,0,,8,,8,1,,5,1,5,1,,3,4,3,1,,1,3,1,1,2,,,D,D,P,P,D,D,P,P,1,0,0,6,6,2,10,5,1,4,1,1,2,220,90,220,170,55,165,175,110,110,205,115,115,190,45,190,210,40,210,225,85,85,195,65,65,0,0,110,115,0,0,85,65,2,3,6,5,1,7,8,4,0,3,8,1,3,1,0,6,5,6,1,0,5,1,5,0,0,8,0,8,1,0,3,1,3,1,0,3,4,3,1,0,1,3,1,1,0,7,5,7,0,110,0,0,0,85,65,115,High school diploma/A-levels,3,"£70,000 - £79,999",No,United Kingdom,No,Full-Time,0,0,75000,0,0,0,0,0,0,0,0,0,0,75000
1298,5e36f262185582000ae281b4,1,56,1,0,0,,3.28,1,1.70798715967068,0.0630396056514341,0.29118280357647,D,D,D,D,D,D,D,D,504,0,6,3,4,6,0,,8,,8,1,,5,2,5,1,,2,1,2,1,,8,1,8,1,,5,4,5,0,5,4,5,5,0,7,8,5,7,0,2,,,D,D,D,D,D,D,D,D,0,0,0,10,7,3,8,2,4,6,10,2.1,3,220,90,90,170,55,170,175,110,175,205,115,205,190,45,190,210,40,210,225,85,85,195,65,65,90,170,175,0,0,0,85,55,2,6,8,3,1,4,7,5,0,0,8,0,8,1,0,5,4,5,0,7,8,5,7,1,0,5,2,5,0,6,3,4,6,1,0,2,1,2,0,5,4,5,5,1,0,8,1,8,170,0,55,175,90,0,85,0,Technical/community college,6,"£30,000 - £39,999",No,United Kingdom,No,Full-Time,0,35000,0,0,0,0,0,0,0,0,0,0,0,35000
1593,5e3891a0ffe78b000a8a4124,0,55,0,0,0,,3.48,1,0.981667807637142,0.896619499212428,0.978285991749837,D,D,P,P,P,D,P,P,479,0,3,3,4,3,0,8,8,4,8,0,6,6,4,6,0,7,7,4,7,0,8,5,4,8,0,5,5,4,5,0,3,3,4,3,0,1,1,4,1,0,"2,4,5",,,D,D,P,P,P,D,P,P,0,0,0,2,6,2,4,8,7,4,9,1,4,220,90,220,170,55,170,175,110,110,205,115,115,190,45,190,210,40,210,225,85,85,195,65,65,0,0,110,115,0,0,85,0,2,5,8,4,1,6,7,3,0,8,8,4,8,0,8,5,4,8,0,1,1,4,1,0,7,7,4,7,0,3,3,4,3,0,5,5,4,5,0,3,3,4,3,0,6,6,4,6,0,0,0,115,0,0,85,110,Undergraduate degree (BA/BSc/other),8,"£50,000 - £59,999",Yes,United Kingdom,Yes,Part-Time,0,0,0,0,0,0,0,0,0,0,55000,0,0,55000
802,5e39dfdc54fca708912dfab5,0,59,2,4,1,,2.64,1,1.41769458709174,1.55291752372246,0.0221395398884833,D,D,D,D,D,D,D,D,385,1,,3,2,3,0,5,8,2,5,0,6,6,4,6,0,6,7,2,6,0,1,8,4,1,1,,5,3,5,1,,3,5,3,1,,1,4,1,0,"1,2,4,5,6",The computer seemed a bit too random.,,D,D,P,P,D,D,P,P,0,0,1,1,9,9,2,1,10,7,2,1,1,220,90,220,170,55,170,175,110,110,205,115,205,190,45,45,210,40,210,225,85,85,195,65,65,0,0,110,0,45,0,0,65,4,8,7,1,5,6,3,2,0,6,7,2,6,1,0,1,4,1,1,0,3,5,3,1,0,3,2,3,0,1,8,4,1,1,0,5,3,5,0,6,6,4,6,0,5,8,2,5,0,65,0,0,45,0,110,0,High school diploma/A-levels,6,"£20,000 - £29,999",Yes,United Kingdom,No,Full-Time,25000,0,0,0,0,0,0,0,0,0,0,0,0,25000
1198,5e3f04fdb721da159417a725,1,53,1,0,1,thank you for the invite to your studies,2.4,1,1.02937612227516,0.58861977459524,0.354670671023479,D,D,D,D,D,D,D,D,409,0,6,3,4,6,0,2,8,3,2,1,,5,1,5,0,7,2,4,7,0,5,8,4,5,0,6,5,2,6,0,5,4,4,5,1,,8,1,8,0,2,,Thank you for inviting me to this study,D,D,D,D,D,D,D,D,0,0,0,6,5,3,10,7,10,8,2,1,3,220,90,90,170,55,55,175,110,175,205,115,115,190,45,45,210,40,40,225,85,85,195,65,195,0,45,175,115,0,30,85,0,2,4,6,7,3,8,1,5,0,2,8,3,2,0,7,2,4,7,0,6,5,2,6,0,5,4,4,5,1,0,5,1,5,1,0,8,1,8,0,6,3,4,6,0,5,8,4,5,45,115,30,85,175,0,0,0,Secondary education (e.g. GED/GCSE),5,"£40,000 - £49,999",No,United Kingdom,No,Part-Time,0,0,0,0,45000,0,0,0,0,0,0,0,0,45000
659,5e456129f5b428000b5b0f81,0,31,0,0,0,,2.72,1,1.25030183291121,0.170031532194014,0.138246533899933,D,D,D,D,D,D,D,D,521,1,,3,5,3,0,1,8,2,1,1,,6,5,6,1,,7,5,7,0,5,8,5,5,1,,5,1,5,0,1,3,4,1,0,3,1,1,3,0,5,,,D,D,P,P,D,D,P,P,0,0,0,10,3,9,7,1,5,4,9,2.6,2,220,90,220,170,55,170,175,110,110,205,115,115,190,45,45,210,40,210,225,85,80,195,65,65,220,0,110,115,45,0,80,0,2,1,3,7,8,4,6,5,0,1,8,2,1,1,0,3,5,3,1,0,6,5,6,0,1,3,4,1,0,3,1,1,3,1,0,7,5,7,1,0,5,1,5,0,5,8,5,5,0,220,110,80,0,115,0,45,Undergraduate degree (BA/BSc/other),6,"£40,000 - £49,999",Yes,United Kingdom,Yes,DATA_EXPIRED,0,0,0,0,45000,0,0,0,0,0,0,0,0,45000
1928,5e53df2d8b62b33daf126ecd,1,48,0,0,0,,8,1,1.09557820394236,0.76645588346569,0.438203243588778,D,D,D,D,D,D,D,D,739,1,,3,1,3,1,,8,1,8,0,6,5,3,6,0,3,2,2,3,0,5,8,1,5,0,4,5,2,4,0,1,4,3,1,0,1,8,3,1,0,"1,2,5",,,D,D,D,D,D,D,D,D,0,0,0,1,5,3,1,3,3,3,2,2.6,4,220,90,220,170,55,170,175,110,110,205,115,110,190,45,45,210,40,40,225,85,80,195,65,65,0,0,0,0,45,0,80,65,2,1,4,7,8,3,6,5,1,0,8,1,8,1,0,3,1,3,0,3,2,2,3,0,1,4,3,1,0,1,8,3,1,0,6,5,3,6,0,4,5,2,4,0,5,8,1,5,0,0,0,80,65,0,0,45,Undergraduate degree (BA/BSc/other),5,"£10,000 - £15,999",No,United Kingdom,No,Part-Time,0,0,0,12500,0,0,0,0,0,0,0,0,0,12500
1175,5e7dfc715acd1402882e93eb,0,58,1,0,0,,3.4,1,1.76979590070068,0.0502696593180568,0.652845434272708,D,D,P,P,D,D,D,D,494,0,6,3,3,6,1,,8,1,8,1,,6,4,6,0,7,7,3,7,1,,8,1,8,0,7,5,3,7,1,,3,4,3,1,,1,4,1,0,1,,,D,D,P,P,D,D,P,P,0,0,0,5,3,6,2,2,2,4,6,2.7,1,220,90,90,170,55,170,175,110,110,205,115,115,190,45,190,210,40,40,225,85,85,195,65,65,90,0,110,115,0,40,85,0,7,5,6,3,1,8,4,2,1,0,3,4,3,1,0,8,1,8,0,7,5,3,7,1,0,6,4,6,0,6,3,3,6,1,0,1,4,1,0,7,7,3,7,1,0,8,1,8,85,0,40,110,90,0,115,0,Technical/community college,7,"£60,000 - £69,999",No,United Kingdom,No,Full-Time,0,0,0,0,0,0,65000,0,0,0,0,0,0,65000
789,5e81ad7cb706bb88bc5c2fc8,0,35,0,0,0,,2.36,1,1.11838158129236,0.275605386654465,0.34893141624394,D,D,D,D,D,D,D,D,439,0,4,3,3,4,0,2,8,3,2,0,6,6,4,6,0,7,7,4,7,0,5,8,3,5,0,7,5,3,7,0,3,3,3,3,0,1,1,3,1,0,"4,5",,,D,D,P,P,D,D,P,P,0,0,0,2,10,4,10,8,9,1,1,2.3,2,220,90,90,170,55,55,175,110,110,205,115,115,190,45,45,210,40,40,225,85,85,195,65,65,90,50,110,115,45,40,85,65,2,5,4,1,3,6,7,8,0,2,8,3,2,0,5,8,3,5,0,7,7,4,7,0,4,3,3,4,0,6,6,4,6,0,7,5,3,7,0,3,3,3,3,0,1,1,3,1,50,45,115,90,110,40,85,65,Undergraduate degree (BA/BSc/other),8,"£50,000 - £59,999",No,United Kingdom,No,Part-Time,0,0,0,0,0,0,0,0,0,0,55000,0,0,55000
1461,5e84efb71d17ad0c8430495a,1,24,0,0,0,Study instructions were easy to understand/complete. No technical issues.,2.34,1,0.981667807637142,0.896619499212428,0.978285991749837,D,D,P,P,P,D,P,P,487,1,,3,5,3,1,,8,4,8,1,,6,1,6,1,,7,3,7,1,,8,1,8,1,,5,1,5,1,,3,3,3,1,,1,1,1,1,2,,,D,D,P,P,D,D,P,P,0,0,0,4,4,8,8,5,8,9,9,5.4,2,220,90,220,170,55,170,175,110,110,205,115,115,190,45,190,210,40,210,225,85,85,195,65,65,220,170,0,115,0,0,85,0,2,1,8,5,4,7,3,6,1,0,8,4,8,1,0,3,5,3,1,0,1,1,1,1,0,8,1,8,1,0,7,3,7,1,0,3,3,3,1,0,6,1,6,1,0,5,1,5,170,220,0,0,115,85,0,0,Undergraduate degree (BA/BSc/other),3,"£20,000 - £29,999",No,United Kingdom,No,Full-Time,25000,0,0,0,0,0,0,0,0,0,0,0,0,25000
961,5e8c8ca021b0af01c8e13022,0,27,0,0,0,,3.28,1,2.68091557110695,0.22280614703975,0.0953422784315455,D,D,D,D,D,D,D,D,476,0,3,3,5,3,0,5,8,5,5,0,,5,,5,1,,2,5,2,1,,8,1,8,0,8,5,5,8,1,,4,5,4,1,,8,3,8,1,"2,5",,,D,D,D,D,D,D,D,D,0,0,0,1,2,9,5,9,5,7,8,1,3,220,90,220,170,55,170,175,110,175,205,115,205,190,45,190,210,40,210,225,85,225,195,65,195,0,0,0,205,190,0,225,0,6,1,3,4,5,2,8,7,0,8,5,5,8,0,3,3,5,3,0,0,5,0,5,1,0,2,5,2,1,0,8,1,8,0,5,8,5,5,1,0,8,3,8,1,0,4,5,4,0,0,0,205,190,0,0,225,Graduate degree (MA/MSc/MPhil/other),5,"£70,000 - £79,999",No,United Kingdom,No,Full-Time,0,0,75000,0,0,0,0,0,0,0,0,0,0,75000
767,5e8d96efe32229018dec69dd,1,51,2,2,0,,3.9,1,1.07937243661663,0.172349006607712,0.243437377163821,D,D,D,D,D,D,D,D,366,0,6,3,5,6,0,2,8,5,2,0,6,6,5,6,0,7,7,5,7,0,5,8,5,5,0,7,5,3,7,0,3,3,5,3,0,1,1,3,1,0,"1,2,4,5",,,D,D,P,P,D,D,P,P,0,0,0,5,5,2,10,6,6,8,6,2.7,2,220,90,90,170,55,55,175,110,110,205,115,115,190,45,45,210,40,40,225,85,85,195,65,65,90,45,110,115,45,0,85,0,6,2,1,7,8,4,3,5,0,7,5,3,7,0,2,8,5,2,0,6,3,5,6,0,3,3,5,3,0,1,1,3,1,0,7,7,5,7,0,6,6,5,6,0,5,8,5,5,0,45,90,85,0,115,110,45,High school diploma/A-levels,5,"Less than £10,000",No,United Kingdom,No,Part-Time,0,0,0,0,0,0,0,5000,0,0,0,0,0,5000
1834,5e8f89db8ed06f27d73030ae,1,46,0,0,2,,3.76,1,0.916877908602632,1.04779088980377,1.01349993229543,P,D,P,P,P,D,P,P,558,1,,3,3,3,1,,8,3,8,0,5,6,3,5,1,,7,4,7,1,,8,3,8,1,,5,3,5,1,,3,4,3,0,7,1,3,7,1,5,,,D,D,P,P,D,D,P,P,0,0,0,3,8,3,9,5,1,6,6,2.7,1,220,90,220,170,55,170,175,110,175,205,115,115,190,45,190,210,40,210,225,85,85,195,65,65,220,0,175,115,0,0,85,0,5,6,4,3,2,8,1,7,1,0,8,3,8,1,0,5,3,5,1,0,7,4,7,0,5,6,3,5,1,0,8,3,8,0,7,1,3,7,1,0,3,3,3,1,0,3,4,3,0,0,115,175,0,0,220,85,Graduate degree (MA/MSc/MPhil/other),5,"£40,000 - £49,999",No,United Kingdom,No,Full-Time,0,0,0,0,45000,0,0,0,0,0,0,0,0,45000
1241,5ea166af93435d0008a8a341,0,69,2,2,2,Found initial instructions slightly confusing but then straightforward,2.34,1,1.36349141156349,0.325356037900459,0.689475888701655,D,D,P,P,D,D,P,D,680,1,,3,1,3,0,4,8,4,4,1,,6,4,6,0,1,7,5,1,1,,8,1,8,0,7,5,4,7,0,3,3,5,3,0,3,1,4,3,0,2,,"The computer selection was too risky, it chose options with a high return but maybe 7 out of 10 were zero. My selections won each time but with a more modest return.",D,D,P,P,D,D,P,P,0,0,0,9,6,7,7,1,4,10,5,1,2,220,90,220,170,55,55,175,110,110,205,115,115,190,45,190,210,40,40,225,85,85,195,65,65,0,55,110,115,0,40,85,65,1,3,5,2,8,7,6,4,1,0,3,1,3,1,0,6,4,6,1,0,8,1,8,0,4,8,4,4,0,3,1,4,3,0,3,3,5,3,0,7,5,4,7,0,1,7,5,1,0,110,0,55,65,85,40,115,Technical/community college,7,"£50,000 - £59,999",No,United Kingdom,No,"Not in paid work (e.g. homemaker', 'retired or disabled)",0,0,0,0,0,0,0,0,0,0,55000,0,0,55000
3639,5ea180ae34f3aa0319313965,0,35,0,5,2,,2.8,1,1.04803589683641,1.2379648229146,0.169657387902113,D,D,D,D,D,D,D,D,684,1,,3,3,3,0,,8,,8,0,,5,,5,0,1,2,3,1,1,,8,4,8,1,,5,5,5,1,,4,5,4,0,,8,,8,0,"2,4",,,D,D,D,D,D,D,D,D,0,0,1,7,1,10,1,5,4,10,6,1,3,220,90,220,170,55,170,175,110,175,205,115,115,190,45,190,210,40,210,225,85,225,195,65,195,0,170,0,0,0,0,0,0,5,7,3,2,1,4,6,8,1,0,8,4,8,1,0,4,5,4,0,0,5,0,5,0,0,8,0,8,1,0,3,3,3,0,1,2,3,1,1,0,5,5,5,0,0,8,0,8,0,0,0,170,0,0,0,0,Doctorate degree (PhD/other),7,"£50,000 - £59,999",Yes,United Kingdom,No,Full-Time,0,0,0,0,0,0,0,0,0,0,55000,0,0,55000
1656,5ea59ffb9325e15853a82d84,1,46,2,0,0,,2,1,0.946439174538375,0.344956242952597,0.519905807111033,D,D,P,P,D,D,P,P,506,0,1,3,4,1,0,4,8,4,4,0,3,6,5,3,0,3,7,5,3,0,5,8,4,5,0,7,5,4,7,0,3,3,4,3,0,7,1,4,7,0,4,,,D,D,P,P,D,D,P,P,0,0,0,10,10,3,7,1,9,9,10,2.1,4,220,90,90,170,55,55,175,110,170,205,115,110,190,45,45,210,40,40,225,85,85,195,65,65,90,55,170,110,45,40,85,55,3,8,4,2,1,5,7,6,0,3,6,5,3,0,7,1,4,7,0,3,7,5,3,0,4,8,4,4,0,1,3,4,1,0,5,8,4,5,0,3,3,4,3,0,7,5,4,7,170,55,110,55,90,45,85,40,Undergraduate degree (BA/BSc/other),6,"£40,000 - £49,999",Yes,United Kingdom,No,Part-Time,0,0,0,0,45000,0,0,0,0,0,0,0,0,45000
1486,5ea7e9f15bc7011d31958608,1,56,1,0,2,,3.88,1,0.824748221843172,0.820567064552594,0.182323987531834,D,D,D,D,D,D,D,D,493,1,,3,4,3,1,,8,5,8,1,,6,4,6,1,,7,4,7,1,,8,4,8,1,,5,4,5,1,,3,4,3,1,,1,3,1,1,2,,,D,D,P,P,D,D,P,P,1,0,1,8,1,5,3,3,2,3,7,5.2,1,220,90,220,170,55,170,175,110,110,205,115,115,190,45,190,210,40,210,225,85,85,195,65,65,0,170,0,0,0,210,85,65,7,2,5,8,3,1,6,4,1,0,3,4,3,1,0,8,5,8,1,0,8,4,8,1,0,1,3,1,1,0,6,4,6,1,0,3,4,3,1,0,5,4,5,1,0,7,4,7,85,170,0,65,0,0,210,0,Undergraduate degree (BA/BSc/other),6,"£50,000 - £59,999",No,United Kingdom,No,Full-Time,0,0,0,0,0,0,0,0,0,0,55000,0,0,55000
1132,5ea9e36155624e14a9a64525,1,34,0,0,0,,2.52,1,1.11103646788133,0.349275995698358,0.36940661304643,D,D,D,D,D,D,D,D,435,0,4,3,4,4,0,2,8,4,2,0,2,6,5,2,0,7,7,5,7,1,,8,1,8,0,7,5,4,7,0,5,3,1,5,0,1,1,4,1,0,"2,4,5",,,D,D,P,P,D,D,P,P,0,0,0,3,10,7,8,7,9,7,4,1.8,2,220,90,90,170,55,55,175,110,110,205,115,115,190,45,190,210,40,40,225,85,85,195,65,65,90,50,110,115,0,40,0,65,2,5,4,6,7,1,3,8,0,2,8,4,2,1,0,8,1,8,0,7,7,5,7,0,7,5,4,7,0,5,3,1,5,0,4,3,4,4,0,2,6,5,2,0,1,1,4,1,50,0,115,40,0,90,110,65,High school diploma/A-levels,4,"£30,000 - £39,999",No,United Kingdom,No,Full-Time,0,35000,0,0,0,0,0,0,0,0,0,0,0,35000
1393,5eaa96b3baf147000874351f,1,42,0,0,0,,3.7,1,1.99589629165771,0.273873152055442,0.791296577343945,D,D,P,D,D,D,D,D,588,0,2,3,5,2,0,4,8,3,4,0,6,6,5,6,0,6,2,1,6,0,5,8,5,5,1,,5,2,5,0,1,4,5,1,0,1,8,4,1,0,1,,,D,D,P,D,D,D,D,D,0,0,0,8,1,10,5,3,6,4,3,1.9,3,220,90,85,170,55,55,175,110,110,205,115,205,190,45,45,210,40,210,225,85,80,195,65,65,0,0,110,0,45,210,80,65,6,4,1,7,3,5,2,8,1,0,5,2,5,0,6,2,1,6,0,2,3,5,2,0,1,4,5,1,0,6,6,5,6,0,5,8,5,5,0,4,8,3,4,0,1,8,4,1,210,0,0,80,110,45,0,65,Undergraduate degree (BA/BSc/other),7,"£50,000 - £59,999",No,United Kingdom,No,Full-Time,0,0,0,0,0,0,0,0,0,0,55000,0,0,55000
1052,5eac3c1950fecd25d2d6d5ed,0,44,1,0,1,,4,1,,,,D,D,D,D,D,D,D,D,425,0,6,3,5,6,0,4,8,1,4,0,2,5,1,2,0,1,2,5,1,1,,8,1,8,0,7,5,5,7,0,3,4,5,3,0,5,8,2,5,0,"1,2,5",,,D,D,D,D,D,D,D,D,0,0,0,3,1,8,10,7,1,8,6,1,4,220,90,90,170,55,55,175,110,110,205,115,115,190,45,190,210,40,40,225,85,85,195,65,60,90,0,0,115,0,40,85,0,5,7,1,4,6,2,8,3,1,0,8,1,8,0,3,4,5,3,0,6,3,5,6,0,1,2,5,1,0,7,5,5,7,0,4,8,1,4,0,5,8,2,5,0,2,5,1,2,0,85,90,115,40,0,0,0,High school diploma/A-levels,6,"£90,000 - £99,999",Yes,United Kingdom,No,Full-Time,0,0,0,0,0,0,0,0,95000,0,0,0,0,95000
910,5eaecfd15d572404569a81ff,1,25,0,0,0,,3.58,1,1.79853922129224,0.0441009188323851,0.621956418675614,D,D,P,D,D,D,D,D,487,1,,3,3,3,1,,8,4,8,0,6,6,5,6,1,,7,5,7,1,,8,3,8,0,4,5,2,4,0,5,3,5,5,1,,1,5,1,0,6,"I would like to go for the lottery that has more chances of winning - e.g., more dices result in points - however the computer only picks highest number of points and doesnt take this into consideration",,D,D,P,P,D,D,P,P,0,0,0,7,1,10,1,6,9,3,9,1.8,1,220,90,220,170,55,170,175,110,110,205,115,115,190,45,190,210,40,40,225,85,85,195,65,65,0,170,110,0,0,40,75,0,6,4,5,8,2,1,7,3,0,4,5,2,4,1,0,7,5,7,1,0,8,3,8,1,0,1,5,1,1,0,8,4,8,1,0,3,3,3,0,5,3,5,5,0,6,6,5,6,40,0,0,0,170,0,75,110,Undergraduate degree (BA/BSc/other),6,"£50,000 - £59,999",No,United Kingdom,No,Full-Time,0,0,0,0,0,0,0,0,0,0,55000,0,0,55000
950,5eb3d22ffa15221c2e0117c5,0,21,1,0,0,,2.4,1,1.58058408728226,0.55772400236755,0.675895588007209,D,D,D,D,D,D,D,D,628,1,,3,5,3,0,2,8,4,2,0,2,6,4,2,1,,7,5,7,1,,8,2,8,1,,5,3,5,1,,3,4,3,0,7,1,4,7,1,"2,5,6",I couldn't properly look at the potential payouts for each lottery in just 10 seconds,,D,D,P,P,D,D,P,P,0,0,0,3,6,8,8,2,4,6,8,2,2,220,90,220,170,55,55,175,110,110,205,115,115,190,45,190,210,40,210,225,85,85,195,65,65,220,50,0,115,0,0,85,65,2,4,7,1,8,5,6,3,0,2,8,4,2,1,0,7,5,7,1,0,3,4,3,1,0,3,5,3,0,7,1,4,7,1,0,8,2,8,1,0,5,3,5,0,2,6,4,2,50,115,85,220,65,0,0,0,High school diploma/A-levels,4,"£16,000 - £19,999",Yes,United Kingdom,No,Unemployed (and job seeking),0,0,0,0,0,17500,0,0,0,0,0,0,0,17500
2116,5ebac054d63dde03790ceef8,1,31,3,3,0,,2.8,1,1.53607137611519,0.253351057087203,0.178000812951895,D,D,D,D,D,D,D,D,904,0,6,3,4,6,0,1,8,3,1,0,2,5,4,2,1,,2,3,2,1,,8,1,8,0,4,5,3,4,0,3,4,3,3,1,,8,2,8,0,2,,,D,D,D,D,D,D,D,D,0,0,0,2,1,10,6,2,7,6,9,2.8,3,220,90,90,170,55,170,175,110,110,205,115,205,190,45,190,210,40,40,225,85,85,195,65,195,90,160,100,0,0,40,85,195,7,8,3,6,5,1,4,2,0,3,4,3,3,1,0,8,2,8,0,2,5,4,2,0,4,5,3,4,1,0,8,1,8,0,6,3,4,6,1,0,2,3,2,0,1,8,3,1,85,195,100,40,0,90,0,160,High school diploma/A-levels,5,"£10,000 - £15,999",No,United Kingdom,No,Full-Time,0,0,0,12500,0,0,0,0,0,0,0,0,0,12500
1111,5ebbea369da72a018c463ed4,1,46,1,1,0,,2.52,1,2.76581274394956,0.00242692498362452,1.15718197068421,D,D,P,P,D,D,P,P,560,1,,3,2,3,1,,8,2,8,1,,6,5,6,1,,7,5,7,1,,8,2,8,1,,5,3,5,1,,3,5,3,1,,1,5,1,1,"4,5",,,D,D,P,P,D,D,P,P,0,1,0,9,6,9,9,8,2,4,5,2.3,4,220,90,220,170,55,170,175,110,110,205,115,115,190,45,190,210,40,210,225,85,85,195,65,65,0,0,110,115,0,210,85,65,4,7,8,5,2,3,6,1,1,0,7,5,7,1,0,3,5,3,1,0,1,5,1,1,0,8,2,8,1,0,8,2,8,1,0,6,5,6,1,0,5,3,5,1,0,3,2,3,115,85,65,0,0,110,210,0,Undergraduate degree (BA/BSc/other),7,"£30,000 - £39,999",No,United Kingdom,No,Full-Time,0,35000,0,0,0,0,0,0,0,0,0,0,0,35000
1506,5ec3c9ad964c0a062aaf5659,0,49,2,4,0,,6,1,1.47601522865515,0.333344220551477,0.73348218809768,D,D,P,P,D,D,P,D,583,1,,3,1,3,1,,8,2,8,1,,6,5,6,0,6,7,1,6,1,,8,1,8,0,7,5,4,7,1,,3,5,3,1,,1,5,1,1,5,,,D,D,P,P,D,D,P,P,0,0,0,9,8,2,4,3,10,1,4,1,1,220,90,220,170,55,170,175,110,110,205,115,205,190,45,190,210,40,40,225,85,85,195,65,65,0,0,110,0,0,40,85,65,7,1,6,8,5,4,3,2,1,0,3,5,3,1,0,3,1,3,0,7,5,4,7,1,0,1,5,1,1,0,8,1,8,0,6,7,1,6,1,0,6,5,6,1,0,8,2,8,85,0,40,65,0,0,110,0,Undergraduate degree (BA/BSc/other),3,Rather not say,No,United Kingdom,No,Full-Time,0,0,0,0,0,0,0,0,0,0,0,0,0,0
964,5ecacebe05a9076130fdf38c,0,31,1,0,1,,2.8,1,1.0840040172771,0.71300917127925,0.764464725331422,D,D,P,P,D,D,P,P,469,0,6,3,5,6,0,4,8,5,4,1,,6,5,6,0,7,7,5,7,0,7,8,2,7,0,7,5,5,7,1,,3,5,3,0,1,1,5,1,0,6,"I felt that i could do the job as well as the computer and in a shorter space of time, calculating which row had the least 'empty values' and choosing accordingly relative to chance",,D,D,P,P,D,D,P,P,1,1,0,2,5,6,9,7,2,10,8,1.8,2,220,90,90,170,55,55,175,110,110,205,115,115,190,45,45,210,40,40,225,85,85,195,65,65,90,55,110,115,0,40,85,65,3,8,6,5,7,4,1,2,1,0,6,5,6,0,1,1,5,1,0,7,5,5,7,0,7,8,2,7,1,0,3,5,3,0,7,7,5,7,0,6,3,5,6,0,4,8,5,4,110,65,40,0,85,115,90,55,Technical/community college,2,"Less than £10,000",No,United Kingdom,No,Part-Time,0,0,0,0,0,0,0,5000,0,0,0,0,0,5000
1003,5ecf9b46617a9b3dd56b3fe3,0,77,0,0,1,,2.68,1,0.902246200725329,0.989163866303839,0.569051285311741,D,D,P,D,D,D,D,D,495,0,6,3,5,6,0,4,8,4,4,0,6,6,5,6,0,5,2,5,5,1,,8,1,8,0,7,5,5,7,0,1,4,5,1,1,,8,1,8,0,"2,5",,,D,D,P,D,D,D,D,D,0,0,0,6,6,5,8,8,1,5,1,1,3,220,90,90,170,55,55,175,110,110,205,115,115,190,45,190,210,40,40,225,85,80,195,65,195,0,55,0,115,0,40,0,0,4,1,2,6,7,8,5,3,0,5,2,5,5,0,6,3,5,6,0,4,8,4,4,0,7,5,5,7,0,1,4,5,1,1,0,8,1,8,1,0,8,1,8,0,6,6,5,6,115,0,55,40,0,0,0,0,Technical/community college,7,"£50,000 - £59,999",No,United Kingdom,No,Part-Time,0,0,0,0,0,0,0,0,0,0,55000,0,0,55000
1264,5ede96d4334831121745dcd6,0,52,2,0,1,,2.4,1,1.12585180111775,0.792054608196719,0.539364885346262,D,D,D,D,D,D,D,D,436,0,3,3,2,3,0,2,8,4,2,1,,5,2,5,1,,2,1,2,0,5,8,3,5,0,7,5,2,7,0,1,4,5,1,1,,8,1,8,0,"1,2",,,D,D,D,D,D,D,D,D,0,0,0,5,3,8,1,10,3,1,2,2.1,4,220,90,220,170,55,55,175,110,175,205,115,205,190,45,45,210,40,40,225,85,80,195,65,195,0,55,0,0,45,0,80,0,3,2,7,5,4,1,6,8,1,0,5,2,5,0,2,8,4,2,0,1,4,5,1,0,5,8,3,5,1,0,2,1,2,0,3,3,2,3,0,7,5,2,7,1,0,8,1,8,0,55,80,45,0,0,0,0,Undergraduate degree (BA/BSc/other),5,"£40,000 - £49,999",No,United Kingdom,No,Full-Time,0,0,0,0,45000,0,0,0,0,0,0,0,0,45000
1355,5edeea354d54cb1a825aa8f9,0,45,0,0,0,An intresting and engaging study.,3,1,0.85071623743529,0.74530761225787,0.604421684732318,D,D,P,P,D,D,P,P,671,1,,3,4,3,1,,8,3,8,0,6,6,5,6,1,,7,5,7,1,,8,3,8,0,7,5,4,7,1,,3,5,3,1,,1,5,1,1,2,,A very engaging and interesting study I ever had completed. ,D,D,P,P,D,D,P,P,0,0,0,3,2,4,5,7,9,2,2,3.2,1,220,90,220,170,55,170,175,110,110,205,115,115,190,45,190,210,40,40,225,85,85,195,65,65,220,0,110,0,0,40,85,65,5,2,3,6,7,1,4,8,1,0,8,3,8,1,0,8,3,8,0,6,6,5,6,0,7,5,4,7,1,0,3,5,3,1,0,3,4,3,1,0,7,5,7,1,0,1,5,1,0,0,110,40,85,220,0,65,Graduate degree (MA/MSc/MPhil/other),7,"£40,000 - £49,999",Yes,United Kingdom,No,Full-Time,0,0,0,0,45000,0,0,0,0,0,0,0,0,45000
1188,5edf9681b8a6fc2722574db5,1,47,2,5,0,,3.5,1,1.46452700441792,0.389232572476434,0.56625575636465,D,D,P,D,D,D,D,D,524,0,6,3,5,6,1,,8,1,8,0,6,6,1,6,1,,7,1,7,0,5,8,2,5,0,7,5,5,7,0,3,3,5,3,0,5,1,1,5,0,"1,5",,,D,D,P,P,D,D,P,P,1,0,0,1,5,5,5,9,4,8,6,1,2,220,90,90,170,55,170,175,110,110,205,115,115,190,45,45,210,40,40,225,85,85,195,65,60,90,0,0,0,0,40,85,0,2,4,6,5,8,1,7,3,1,0,8,1,8,1,0,7,1,7,0,7,5,5,7,0,5,8,2,5,0,5,1,1,5,0,6,3,5,6,0,3,3,5,3,0,6,6,1,6,0,0,40,0,0,90,85,0,Undergraduate degree (BA/BSc/other),6,"£16,000 - £19,999",No,United Kingdom,No,Part-Time,0,0,0,0,0,17500,0,0,0,0,0,0,0,17500
1321,5ee1216a2a8a214e2ac6fb8b,1,63,0,0,2,,3.54,1,6.53357378033197,0.0104537195929159,1.73744950326422,D,D,D,D,D,D,D,D,672,0,3,3,4,3,0,8,8,5,8,0,6,5,5,6,0,7,2,5,7,0,2,8,4,2,1,,5,3,5,0,7,4,5,7,1,,8,3,8,0,5,,enjoyable,D,D,D,D,D,D,D,D,5,1,2,5,8,9,7,10,1,7,10,1,3,220,90,220,170,55,170,175,110,110,205,115,115,190,45,185,210,40,210,225,85,85,195,65,195,0,0,110,115,0,0,0,0,8,6,5,7,2,3,4,1,1,0,8,3,8,1,0,5,3,5,0,2,8,4,2,0,7,4,5,7,0,8,8,5,8,0,6,5,5,6,0,7,2,5,7,0,3,3,4,3,0,0,0,0,0,110,115,0,Secondary education (e.g. GED/GCSE),4,"Less than £10,000",No,United Kingdom,No,Part-Time,0,0,0,0,0,0,0,5000,0,0,0,0,0,5000
748,5ee167bb5b9407188fc9f15f,1,29,1,0,0,,3.4,1,0.964140052751576,0.571604995713099,0.273412000387852,D,D,D,D,D,D,D,D,478,0,3,3,1,3,0,4,8,3,4,1,,5,1,5,0,4,2,1,4,0,5,8,3,5,1,,5,1,5,0,,4,,4,1,,8,5,8,0,5,,,D,D,D,D,D,D,D,D,0,0,0,1,5,2,3,5,9,6,9,1,4,220,90,220,170,55,55,175,110,175,205,115,205,190,45,45,210,40,210,225,85,225,195,65,195,0,55,0,0,45,0,0,195,4,3,7,8,6,1,2,5,0,4,2,1,4,1,0,5,1,5,0,0,4,0,4,1,0,8,5,8,1,0,5,1,5,0,3,3,1,3,0,4,8,3,4,0,5,8,3,5,0,0,0,195,0,0,55,45,Undergraduate degree (BA/BSc/other),7,"£50,000 - £59,999",No,United Kingdom,No,Full-Time,0,0,0,0,0,0,0,0,0,0,55000,0,0,55000
1698,5ee4c4b42c280d1cd26cfe3d,0,70,1,0,0,,2.2,1,0.947412124579843,0.392183405163258,0.197867136541379,D,D,D,D,D,D,D,D,495,1,,3,3,3,1,,8,3,8,1,,6,3,6,1,,7,3,7,1,,8,3,8,1,,5,3,5,1,,3,3,3,1,,1,3,1,1,2,,,D,D,P,P,D,D,P,P,0,0,0,7,10,1,7,10,6,4,4,3.3,1,220,90,220,170,55,170,175,110,110,205,115,115,190,45,190,210,40,210,225,85,85,195,65,65,0,0,110,115,0,210,85,65,8,2,4,6,1,7,5,3,1,0,1,3,1,1,0,8,3,8,1,0,7,3,7,1,0,5,3,5,1,0,3,3,3,1,0,3,3,3,1,0,8,3,8,1,0,6,3,6,65,0,115,210,0,85,0,110,Graduate degree (MA/MSc/MPhil/other),6,"£60,000 - £69,999",No,United Kingdom,No,Part-Time,0,0,0,0,0,0,65000,0,0,0,0,0,0,65000
1757,5ee7c48852b956087468ad8b,0,38,0,0,0,,2.8,1,0.710162376998508,1.4631836308379,0.720462248011668,D,D,P,P,D,D,P,P,378,1,,3,2,3,0,2,8,4,2,0,6,6,5,6,0,7,7,5,7,0,5,8,4,5,0,4,5,3,4,0,3,3,5,3,1,,1,3,1,0,1,,,D,D,P,P,D,D,P,P,0,0,0,6,10,10,4,5,6,2,6,1.9,2,220,90,220,170,55,55,175,110,110,205,115,115,190,45,45,210,40,40,225,85,85,195,65,65,0,50,110,115,45,0,85,0,8,7,1,3,2,5,6,4,1,0,1,3,1,0,3,3,5,3,1,0,3,2,3,0,6,6,5,6,0,2,8,4,2,0,5,8,4,5,0,4,5,3,4,0,7,7,5,7,0,85,0,110,50,45,0,115,Graduate degree (MA/MSc/MPhil/other),7,"£50,000 - £59,999",Yes,United Kingdom,No,Full-Time,0,0,0,0,0,0,0,0,0,0,55000,0,0,55000
907,5ee9c1405f0f48365179916d,0,37,0,0,1,,6.2,1,1.99370368450255,0.12918041604732,0.344974489865756,D,D,D,D,D,D,D,D,352,1,,3,4,3,1,,8,5,8,1,,5,4,5,1,,2,2,2,1,,8,4,8,1,,5,3,5,1,,4,4,4,1,,8,4,8,1,2,,,D,D,D,D,D,D,D,D,0,0,1,2,8,6,9,9,10,4,10,1,3,220,90,220,170,55,170,175,110,175,205,115,205,190,45,190,210,40,210,225,85,225,195,65,195,0,0,0,205,190,0,0,0,8,2,1,4,6,5,7,3,1,0,8,4,8,1,0,8,5,8,1,0,3,4,3,1,0,2,2,2,1,0,5,3,5,1,0,8,4,8,1,0,4,4,4,1,0,5,4,5,0,0,0,205,0,190,0,0,Graduate degree (MA/MSc/MPhil/other),3,"£20,000 - £29,999",No,United Kingdom,No,Full-Time,25000,0,0,0,0,0,0,0,0,0,0,0,0,25000
2751,5eea5e9ee0d561140ff250a1,0,41,3,1,0,,2.8,1,1.20390174649474,0.578212505158715,1.08924971604943,P,D,P,P,P,D,P,P,623,0,1,6,1,1,1,,8,2,8,1,,6,5,6,0,1,7,1,1,0,5,5,5,5,1,,5,2,5,0,3,3,5,3,0,1,1,5,1,0,"2,4",,,P,D,P,P,P,D,P,P,0,0,0,2,3,10,5,8,8,1,3,1,4,220,90,90,170,55,170,175,110,110,205,115,115,190,45,45,210,40,210,225,85,85,195,65,65,0,0,110,0,45,0,85,65,2,3,6,5,8,1,7,4,1,0,8,2,8,1,0,6,5,6,1,0,5,2,5,0,5,5,5,5,0,1,1,5,1,0,1,6,1,1,0,3,3,5,3,0,1,7,1,1,0,110,0,45,65,0,85,0,Undergraduate degree (BA/BSc/other),6,"£90,000 - £99,999",No,United Kingdom,Yes,Full-Time,0,0,0,0,0,0,0,0,95000,0,0,0,0,95000
1322,5eebc01d1b53c11438f3405b,1,34,0,0,1,No,3.6,1,2.66336752068549,0.0843753436466522,0.580199151799908,D,D,D,D,D,D,D,D,508,0,1,3,4,1,0,1,8,1,1,0,2,6,4,2,1,,7,1,7,0,5,8,3,5,0,2,5,3,2,0,3,3,4,3,0,1,1,1,1,1,5,,,D,D,P,P,D,D,P,P,1,0,0,3,2,9,1,6,1,6,9,1,2,220,90,90,170,55,170,175,110,110,205,115,115,190,45,45,210,40,35,225,85,85,195,65,65,90,0,105,0,45,35,85,0,2,7,8,3,1,5,6,4,0,1,8,1,1,0,3,3,4,3,0,1,1,1,1,0,2,6,4,2,0,1,3,4,1,0,5,8,3,5,0,2,5,3,2,1,0,7,1,7,0,85,0,105,90,45,35,0,Undergraduate degree (BA/BSc/other),5,"£60,000 - £69,999",No,United Kingdom,No,Full-Time,0,0,0,0,0,0,65000,0,0,0,0,0,0,65000
745,5ef3bdbee9ae7a16241451c1,0,34,1,0,0,,4,1,3.09036779995812,0.0986259783289946,0.989140528417871,D,D,P,D,D,D,D,D,373,1,,3,5,3,1,,8,3,8,1,,6,5,6,1,,7,5,7,1,,8,3,8,1,,5,5,5,1,,3,5,3,1,,1,5,1,1,2,,,D,D,P,P,D,D,P,P,0,0,0,5,8,4,7,8,6,6,2,3.3,1,220,90,220,170,55,170,175,110,110,205,115,115,190,45,190,210,40,210,225,85,85,195,65,65,0,0,110,115,0,210,85,65,7,4,6,1,8,5,3,2,1,0,3,5,3,1,0,7,5,7,1,0,5,5,5,1,0,3,5,3,1,0,1,5,1,1,0,8,3,8,1,0,6,5,6,1,0,8,3,8,85,115,210,0,65,0,110,0,Secondary education (e.g. GED/GCSE),5,"£80,000 - £89,999",No,United Kingdom,No,Full-Time,0,0,0,0,0,0,0,0,0,0,0,85000,0,85000
814,5efa27ec1c76730eff3dad8e,1,25,0,0,0,,3.6,1,1.46511437864549,0.307347867806376,0.261465060644502,D,D,D,D,D,D,D,D,482,1,,3,4,3,1,,8,3,8,1,,6,3,6,1,,7,5,7,1,,8,4,8,1,,5,1,5,1,,3,3,3,1,,1,2,1,1,2,,,D,D,P,P,D,D,P,P,1,0,0,3,5,8,10,9,1,5,9,1,2,220,90,220,170,55,170,175,110,110,205,115,115,190,45,190,210,40,210,225,85,85,195,65,65,220,0,0,115,190,0,0,0,3,8,4,2,6,1,7,5,1,0,6,3,6,1,0,1,2,1,1,0,7,5,7,1,0,8,3,8,1,0,5,1,5,1,0,3,4,3,1,0,3,3,3,1,0,8,4,8,0,0,115,0,0,220,0,190,Undergraduate degree (BA/BSc/other),5,"Less than £10,000",No,United Kingdom,Yes,Part-Time,0,0,0,0,0,0,0,5000,0,0,0,0,0,5000
2214,5efb49177e130c0785b93842,1,29,1,2,2,,2.8,1,0.873783323646108,1.10523727267645,-0.118158687675063,D,D,D,D,D,D,D,D,1005,0,6,3,3,6,0,4,8,3,4,1,,5,3,5,0,3,2,3,3,0,6,8,1,6,0,7,5,3,7,0,1,4,3,1,0,1,8,3,1,0,6,Picking myself gave me something more to think about ,,D,D,D,D,D,D,D,D,1,0,0,9,1,9,6,8,10,8,2,2.6,3,220,90,90,170,55,55,175,110,175,205,115,110,190,45,190,210,40,40,225,85,80,195,65,65,90,0,0,110,0,40,80,65,3,4,1,2,5,7,8,6,1,0,5,3,5,0,3,2,3,3,0,6,3,3,6,0,4,8,3,4,0,6,8,1,6,0,1,4,3,1,0,1,8,3,1,0,7,5,3,7,0,110,90,0,0,80,65,40,Undergraduate degree (BA/BSc/other),5,"£20,000 - £29,999",No,United Kingdom,No,Full-Time,25000,0,0,0,0,0,0,0,0,0,0,0,0,25000
1099,5efe20bbc05e8610f47600f7,0,30,1,0,0,,7.7,1,0.881399513980748,1.05010279710947,0.416542566175656,D,D,D,D,D,D,D,D,383,0,3,3,5,3,0,4,8,4,4,0,6,5,5,6,0,3,2,4,3,1,,8,5,8,0,5,5,1,5,1,,4,1,4,1,,8,1,8,0,2,,,D,D,D,D,D,D,D,D,0,0,0,3,6,7,6,9,3,8,8,1,4,220,90,220,170,55,55,175,110,110,205,115,110,190,45,190,210,40,210,225,85,225,195,65,195,220,55,110,110,190,0,0,0,3,4,2,5,8,1,6,7,0,6,5,5,6,0,3,2,4,3,0,4,8,4,4,1,0,8,5,8,1,0,8,1,8,0,3,3,5,3,0,5,5,1,5,1,0,4,1,4,110,110,55,190,0,220,0,0,Undergraduate degree (BA/BSc/other),6,"£40,000 - £49,999",No,United Kingdom,No,Full-Time,0,0,0,0,45000,0,0,0,0,0,0,0,0,45000
609,5eff425e122196491e024bc4,0,34,1,0,0,,2.28,1,0.579788382662547,1.06326063544923,0.49632132997767,D,D,P,P,D,D,P,P,378,0,4,3,4,4,0,4,8,4,4,0,2,6,5,2,0,1,7,5,1,1,,8,2,8,0,7,5,4,7,1,,3,5,3,1,,1,5,1,0,"2,5",,,D,D,P,P,D,D,P,P,0,0,0,1,3,10,7,7,8,9,3,1,1,220,90,90,170,55,55,175,110,110,205,115,115,190,45,190,210,40,40,225,85,85,195,65,65,80,55,100,115,0,40,85,65,4,1,8,2,7,5,3,6,0,1,7,5,1,0,4,3,4,4,1,0,1,5,1,0,4,8,4,4,1,0,3,5,3,1,0,8,2,8,0,2,6,5,2,0,7,5,4,7,115,80,65,55,85,0,100,40,Graduate degree (MA/MSc/MPhil/other),4,"£20,000 - £29,999",No,United Kingdom,No,Full-Time,25000,0,0,0,0,0,0,0,0,0,0,0,0,25000
1327,5f0766baa1aa2f12767758cd,0,67,1,16,11,,2.26,1,1.65629260050282,0.220504006778312,0.315579640944753,D,D,D,D,D,D,D,D,444,0,6,3,5,6,0,4,8,3,4,0,2,6,1,2,0,7,7,5,7,0,1,8,4,1,0,7,5,4,7,0,3,3,2,3,1,,1,1,1,0,1,,,D,D,P,P,D,D,P,P,2,0,1,1,5,5,2,3,8,7,9,2.1,2,220,90,90,170,55,55,175,110,110,205,115,115,190,45,45,210,40,40,225,85,85,195,65,65,90,55,0,115,35,40,0,0,5,1,6,8,2,3,4,7,0,1,8,4,1,0,6,3,5,6,0,7,5,4,7,1,0,1,1,1,0,4,8,3,4,0,2,6,1,2,0,7,7,5,7,0,3,3,2,3,35,90,40,0,55,0,115,0,Undergraduate degree (BA/BSc/other),7,"£50,000 - £59,999",No,United Kingdom,No,Part-Time,0,0,0,0,0,0,0,0,0,0,55000,0,0,55000
1172,5f0f4e2e850b230eb3e7bb95,1,22,2,2,0,,2.52,1,1.5764887448409,0.379144083512122,0.34063782016334,D,D,D,D,D,D,D,D,471,0,2,3,4,2,0,4,8,4,4,0,2,5,4,2,0,7,2,5,7,1,,8,1,8,0,7,5,5,7,0,7,4,4,7,0,1,8,5,1,0,"2,4,5",,,D,D,D,D,D,D,D,D,0,0,0,10,7,1,3,6,3,7,2,1,3,220,90,85,170,55,55,175,110,110,205,115,115,190,45,190,210,40,40,225,85,85,195,65,65,85,55,105,0,0,0,0,65,1,5,3,2,4,6,8,7,0,2,3,4,2,1,0,8,1,8,0,2,5,4,2,0,4,8,4,4,0,7,2,5,7,0,7,5,5,7,0,1,8,5,1,0,7,4,4,7,85,0,105,55,0,0,65,0,Secondary education (e.g. GED/GCSE),5,Rather not say,No,United Kingdom,No,Part-Time,0,0,0,0,0,0,0,0,0,0,0,0,0,0
881,5f1732153f88740671925041,0,53,1,0,0,,7.1,1,1.43533562273411,0.513351355853424,0.467585340789121,D,D,D,D,D,D,D,D,469,0,4,3,1,4,0,1,8,1,1,0,6,5,2,6,1,,2,1,2,1,,8,1,8,0,6,5,3,6,0,5,4,4,5,0,7,8,3,7,0,2,,no,D,D,D,D,D,D,D,D,0,0,0,4,9,5,3,10,7,10,10,1,4,220,90,90,170,55,170,175,110,110,205,115,205,190,45,190,210,40,40,225,85,85,195,65,65,0,0,0,0,0,40,85,55,6,4,1,7,3,5,2,8,0,6,5,3,6,1,0,2,1,2,0,4,3,1,4,0,5,4,4,5,0,6,5,2,6,1,0,8,1,8,0,1,8,1,1,0,7,8,3,7,40,0,0,85,0,0,0,55,Graduate degree (MA/MSc/MPhil/other),6,"£50,000 - £59,999",No,United Kingdom,No,Full-Time,0,0,0,0,0,0,0,0,0,0,55000,0,0,55000
661,5f27ecc84fd32703e23366f5,0,24,0,0,2,,2.08,1,1.2797203161336,0.564687684595779,0.393190458754053,D,D,D,D,D,D,D,D,834,1,,3,1,3,1,,8,1,8,1,,6,4,6,1,,7,5,7,1,,8,1,8,1,,5,1,5,1,,3,3,3,1,,1,4,1,1,5,,,D,D,P,P,D,D,P,P,1,1,1,3,1,8,3,2,8,8,5,5.4,1,220,90,220,170,55,170,175,110,110,205,115,115,190,45,190,210,40,210,225,85,85,195,65,65,220,170,0,0,0,0,85,65,3,4,8,1,2,5,7,6,1,0,6,4,6,1,0,7,5,7,1,0,1,4,1,1,0,3,1,3,1,0,8,1,8,1,0,8,1,8,1,0,3,3,3,1,0,5,1,5,0,0,65,220,170,0,85,0,Undergraduate degree (BA/BSc/other),4,"£40,000 - £49,999",No,United Kingdom,No,Full-Time,0,0,0,0,45000,0,0,0,0,0,0,0,0,45000
1220,5f34279fcda0002d9e093c09,1,62,1,0,0,,3.52,1,5.23786139047558,0.00520565365238727,1.0489237210941,D,D,D,D,D,D,D,D,592,1,,3,4,3,1,,8,3,8,1,,5,4,5,1,,2,4,2,1,,8,4,8,1,,5,3,5,1,,4,4,4,1,,8,3,8,1,"2,5",,,D,D,D,D,D,D,D,D,0,0,0,5,9,4,7,5,5,2,6,1,3,220,90,220,170,55,170,175,110,175,205,115,205,190,45,190,210,40,210,225,85,225,195,65,195,0,0,0,205,0,0,0,0,6,8,5,7,1,4,3,2,1,0,5,3,5,1,0,8,3,8,1,0,8,4,8,1,0,4,4,4,1,0,3,4,3,1,0,2,4,2,1,0,5,4,5,1,0,8,3,8,0,0,0,0,0,205,0,0,Undergraduate degree (BA/BSc/other),6,"£16,000 - £19,999",No,United Kingdom,No,Other,0,0,0,0,0,17500,0,0,0,0,0,0,0,17500
867,5f3ec93efbd299158253f283,0,51,0,0,0,,2.72,1,0.990254775225863,0.615919454297231,0.492834781979365,D,D,P,D,D,D,D,D,487,0,2,3,4,2,0,4,8,4,4,0,6,6,5,6,0,1,2,5,1,0,3,8,2,3,0,2,5,4,2,0,3,4,4,3,0,1,8,4,1,0,"1,2",,,D,D,P,D,D,D,D,D,0,0,0,9,9,7,10,9,5,2,7,3.3,4,220,90,85,170,55,55,175,110,110,205,115,115,190,45,40,210,40,35,225,85,85,195,65,65,85,55,110,115,0,35,85,65,6,8,5,2,3,7,1,4,0,2,5,4,2,0,1,8,4,1,0,3,8,2,3,0,4,8,4,4,0,6,6,5,6,0,3,4,4,3,0,2,3,4,2,0,1,2,5,1,35,65,0,55,110,85,85,115,Undergraduate degree (BA/BSc/other),6,"£20,000 - £29,999",No,United Kingdom,No,Full-Time,25000,0,0,0,0,0,0,0,0,0,0,0,0,25000
772,5f4e117dbfcaa83f1b418976,1,51,1,0,0,,2.9,1,0.678057758677061,0.889738888414458,0.474869983939708,D,D,P,P,D,D,P,D,517,1,,3,3,3,1,,8,5,8,1,,6,5,6,1,,7,5,7,0,5,8,5,5,0,7,5,5,7,1,,3,5,3,1,,1,5,1,1,2,,,D,D,P,P,D,D,P,P,0,0,0,7,4,6,9,5,8,2,10,1,2,220,90,220,170,55,170,175,110,110,205,115,115,190,45,45,210,40,40,225,85,85,195,65,65,0,170,110,115,45,40,85,65,8,1,5,6,3,7,2,4,1,0,1,5,1,1,0,3,3,3,0,5,8,5,5,0,7,5,5,7,1,0,6,5,6,1,0,3,5,3,1,0,8,5,8,1,0,7,5,7,65,0,45,40,110,85,170,115,Graduate degree (MA/MSc/MPhil/other),8,"£100,000 - £149,999",No,United Kingdom,No,"Not in paid work (e.g. homemaker', 'retired or disabled)",0,0,0,0,0,0,0,0,0,0,0,0,125000,125000
1021,5f64647e17ef411eb0c20359,1,37,0,0,0,"Interesting study, also all loaded correctly and no obvious spelling or grammatical errors.",3.64,1,1.36695377454574,0.442618195212506,0.3819219649989,D,D,D,D,D,D,D,D,490,1,,3,1,3,0,4,8,3,4,0,2,5,4,2,1,,2,2,2,1,,8,1,8,0,7,5,3,7,1,,4,1,4,0,7,8,4,7,0,"2,5",,Interesting study to take part in. Everything loaded correctly and no obvious spelling or grammatical errors.,D,D,D,D,D,D,D,D,0,0,0,4,2,2,7,10,3,9,4,5.4,3,220,90,220,170,55,55,175,110,110,205,115,205,190,45,190,210,40,40,225,85,225,195,65,65,220,55,110,205,0,0,0,65,7,5,1,3,8,6,2,4,1,0,4,1,4,1,0,8,1,8,1,0,3,1,3,0,2,5,4,2,0,7,8,4,7,0,7,5,3,7,0,4,8,3,4,1,0,2,2,2,0,0,220,110,65,0,55,205,Undergraduate degree (BA/BSc/other),3,"£50,000 - £59,999",Yes,United Kingdom,No,Other,0,0,0,0,0,0,0,0,0,0,55000,0,0,55000
1277,5f68fe45f544c70bb0f525e6,0,57,0,0,0,,2.72,1,0.755626545480488,0.542225576304493,0.651149087162986,P,D,P,P,P,D,P,P,580,1,,6,5,6,1,,8,1,8,0,6,6,3,6,0,3,7,5,3,0,5,5,5,5,1,,5,1,5,1,,3,5,3,0,5,1,4,5,0,2,,,P,D,P,P,P,D,P,P,0,0,0,10,10,5,6,8,4,6,6,3.2,4,220,90,90,170,55,170,175,110,110,205,115,110,190,45,45,210,40,210,225,85,85,195,65,60,90,0,0,110,45,0,85,0,7,1,2,6,3,4,5,8,1,0,3,5,3,1,0,6,5,6,1,0,8,1,8,1,0,5,1,5,0,6,6,3,6,0,3,7,5,3,0,5,5,5,5,0,5,1,4,5,85,90,0,0,0,110,45,0,Graduate degree (MA/MSc/MPhil/other),8,"Less than £10,000",No,United Kingdom,No,Part-Time,0,0,0,0,0,0,0,5000,0,0,0,0,0,5000
673,5f69c514b7dfb7020ee1bcb0,1,43,0,0,2,,2.4,1,1.08822188283201,0.557714463542013,-0.0102167803229082,D,D,D,D,D,D,D,D,414,0,6,3,5,6,1,,8,5,8,0,2,6,5,2,0,3,7,5,3,1,,8,3,8,1,,5,4,5,0,1,3,5,1,1,,1,5,1,0,5,,,D,D,P,P,D,D,P,P,0,0,0,3,8,9,5,3,3,2,5,1,1,220,90,90,170,55,170,175,110,110,205,115,110,190,45,190,210,40,210,225,85,80,195,65,65,90,0,105,0,0,0,80,65,4,2,7,5,3,8,1,6,0,3,7,5,3,1,0,8,5,8,0,1,3,5,1,1,0,8,3,8,0,2,6,5,2,1,0,1,5,1,0,6,3,5,6,1,0,5,4,5,0,0,80,0,105,65,90,0,Technical/community college,5,"£30,000 - £39,999",No,United Kingdom,No,Full-Time,0,35000,0,0,0,0,0,0,0,0,0,0,0,35000
2591,5f7a4d05a8da636ab1802596,0,56,1,0,0,,2.8,1,1.0157016454336,0.797963825189333,0.548690462612876,D,D,P,D,D,D,D,D,680,0,4,3,4,4,0,4,8,3,4,0,6,6,5,6,1,,7,4,7,0,5,8,4,5,0,7,5,4,7,0,5,3,4,5,0,5,1,4,5,1,"2,6","I suspect I'm using a similar algorithm to the computer, and so I might as well save the mental effort. ",,D,D,P,P,D,D,P,P,0,1,0,5,2,10,7,8,8,2,5,2.1,2,220,90,90,170,55,55,175,110,110,205,115,115,190,45,45,210,40,40,225,85,85,195,65,60,80,55,110,115,45,40,75,60,7,6,1,2,5,3,8,4,0,5,3,4,5,0,7,5,4,7,0,4,3,4,4,0,4,8,3,4,0,5,8,4,5,0,6,6,5,6,0,5,1,4,5,1,0,7,4,7,75,40,80,55,45,110,60,115,Doctorate degree (PhD/other),7,Rather not say,Yes,United Kingdom,No,Full-Time,0,0,0,0,0,0,0,0,0,0,0,0,0,0
3093,5f8d8af5eadf4d08f6c460f3,0,38,0,1,3,,2,1,1.25581836807322,0.421882969723317,0.212691977555649,D,D,D,D,D,D,D,D,1153,0,2,3,4,2,0,3,8,4,3,1,,5,4,5,0,2,2,4,2,1,,8,3,8,0,1,5,3,1,0,1,4,3,1,1,,8,2,8,0,4,,,D,D,D,D,D,D,D,D,0,0,0,2,10,6,4,9,2,3,10,1,3,220,90,85,170,55,165,175,110,175,205,115,205,190,45,190,210,40,205,225,85,80,195,65,195,85,0,0,0,190,205,80,0,1,8,7,5,6,4,3,2,0,2,3,4,2,1,0,8,2,8,0,1,4,3,1,1,0,8,3,8,0,1,5,3,1,0,2,2,4,2,1,0,5,4,5,0,3,8,4,3,85,0,80,190,205,0,0,0,Technical/community college,6,"Less than £10,000",Yes,United Kingdom,No,Other,0,0,0,0,0,0,0,5000,0,0,0,0,0,5000
1370,5f8ea1044999a9000ae5a0e9,1,21,0,0,0,,3.9,1,1.01214813212104,0.912945351968691,0.34674156159396,D,D,D,D,D,D,D,D,611,0,6,3,4,6,0,4,8,4,4,0,6,5,5,6,0,6,2,1,6,0,3,8,4,3,0,7,5,1,7,0,3,4,4,3,0,3,8,1,3,0,"2,4,5",,,D,D,D,D,D,D,D,D,0,0,0,3,2,9,3,6,3,4,6,2.7,4,220,90,90,170,55,55,175,110,110,205,115,205,190,45,40,210,40,40,225,85,85,195,65,65,90,55,110,0,40,0,85,0,2,5,3,8,7,6,4,1,0,4,8,4,4,0,3,8,4,3,0,6,5,5,6,0,3,8,1,3,0,3,4,4,3,0,7,5,1,7,0,6,2,1,6,0,6,3,4,6,55,40,110,0,85,0,0,90,High school diploma/A-levels,4,"£16,000 - £19,999",No,United Kingdom,Yes,Full-Time,0,0,0,0,0,17500,0,0,0,0,0,0,0,17500
1303,5f92fb66991d4406765bbd20,1,59,7,5,5,,2.8,1,2.21856493846289,0.22033288119753,0.660891151048208,D,D,D,D,D,D,D,D,594,1,,3,3,3,1,,8,2,8,0,2,6,3,2,1,,7,3,7,0,6,8,1,6,1,,5,3,5,0,3,3,2,3,0,5,1,2,5,0,5,,,D,D,P,P,D,D,P,P,1,2,0,10,9,5,4,1,6,3,6,1,1,220,90,220,170,55,170,175,110,110,205,115,115,190,45,190,210,40,210,225,85,85,195,65,60,220,0,0,115,0,210,85,0,6,2,5,3,8,1,7,4,1,0,5,3,5,1,0,8,2,8,0,6,8,1,6,0,2,6,3,2,0,5,1,2,5,1,0,3,3,3,0,3,3,2,3,1,0,7,3,7,210,0,0,0,0,220,85,115,Graduate degree (MA/MSc/MPhil/other),7,"£50,000 - £59,999",No,United Kingdom,No,Part-Time,0,0,0,0,0,0,0,0,0,0,55000,0,0,55000
2370,5f986f8468d96a14bb56f06d,1,44,0,0,0,,2,1,18.6968041690179,0.0453174454725531,11.5867037888589,D,D,P,P,D,D,P,D,897,0,6,3,4,6,1,,8,5,8,0,2,6,1,2,0,2,7,5,2,0,3,8,5,3,0,6,5,4,6,1,,3,2,3,1,,8,1,8,1,"1,5",,,D,D,P,P,D,D,P,D,0,0,1,3,4,8,7,6,8,7,1,1,4,220,90,90,170,55,170,175,110,110,205,115,205,190,45,40,210,40,40,225,85,85,195,65,195,90,170,0,205,40,30,0,0,2,1,8,7,4,5,6,3,1,0,8,5,8,0,6,3,4,6,1,0,8,1,8,1,0,3,2,3,0,2,7,5,2,0,3,8,5,3,0,6,5,4,6,0,2,6,1,2,170,90,0,0,205,40,30,0,Secondary education (e.g. GED/GCSE),5,"£10,000 - £15,999",No,United Kingdom,No,Part-Time,0,0,0,12500,0,0,0,0,0,0,0,0,0,12500
1051,5fa8030f008edf5d07a3ab8b,0,41,0,0,0,,7.4,1,0.89748580016261,1.30574141924271,0.593596598027371,D,D,P,D,D,D,D,D,532,1,,3,1,3,0,4,8,4,4,1,,6,5,6,1,,7,5,7,0,5,8,1,5,0,1,5,1,1,0,3,3,5,3,0,1,1,1,1,1,"2,5",,,D,D,P,P,D,D,P,P,0,0,0,7,3,2,8,9,7,9,9,3.3,2,220,90,220,170,55,55,175,110,110,205,115,115,190,45,45,210,40,205,225,85,85,195,65,65,0,55,110,115,0,0,85,0,7,2,1,5,8,4,3,6,0,3,3,5,3,0,4,8,4,4,1,0,3,1,3,0,5,8,1,5,0,1,1,1,1,1,0,7,5,7,1,0,6,5,6,0,1,5,1,1,85,55,0,0,0,115,110,0,Secondary education (e.g. GED/GCSE),6,"£10,000 - £15,999",No,United Kingdom,No,Full-Time,0,0,0,12500,0,0,0,0,0,0,0,0,0,12500
1877,5faca74d85140a2c931bd265,1,27,3,2,2,,3.6,1,0.798765521550585,0.245248292341652,0.534264282118202,P,D,P,P,P,D,P,P,618,0,,6,,6,0,1,8,3,1,1,,6,4,6,0,3,7,4,3,1,,5,4,5,1,,5,1,5,1,,3,4,3,1,,1,5,1,1,4,,,P,D,P,P,P,D,P,P,1,0,0,2,3,5,7,7,1,3,5,2.3,3,220,90,90,170,55,170,175,110,110,205,115,110,190,45,45,210,40,210,225,85,85,195,65,65,90,0,0,110,0,0,85,65,2,7,8,3,1,4,5,6,0,1,8,3,1,1,0,3,4,3,1,0,1,5,1,1,0,6,4,6,0,0,6,0,6,0,3,7,4,3,1,0,5,4,5,1,0,5,1,5,0,85,65,0,90,110,0,0,Graduate degree (MA/MSc/MPhil/other),6,"£30,000 - £39,999",Yes,United Kingdom,No,Full-Time,0,35000,0,0,0,0,0,0,0,0,0,0,0,35000
1220,5fb249cbf1bb8b7db9bb8d13,1,58,0,0,0,,3.34,1,0.885902069748124,0.37675516834228,0.46569047219384,D,D,P,P,D,D,P,D,519,1,,3,5,3,0,2,8,4,2,1,,6,4,6,1,,7,1,7,1,,8,1,8,1,,5,1,5,1,,3,4,3,1,,8,1,8,0,5,,,D,D,P,P,D,D,P,D,0,0,0,3,5,3,3,1,3,3,1,1,4,220,90,220,170,55,55,175,110,110,205,115,115,190,45,190,210,40,210,225,85,85,195,65,195,220,45,0,0,0,0,85,0,4,7,1,6,5,3,8,2,1,0,7,1,7,1,0,3,4,3,1,0,3,5,3,1,0,5,1,5,1,0,8,1,8,1,0,6,4,6,1,0,8,1,8,0,2,8,4,2,0,85,220,0,0,0,0,45,Graduate degree (MA/MSc/MPhil/other),7,"£100,000 - £149,999",No,United Kingdom,No,Full-Time,0,0,0,0,0,0,0,0,0,0,0,0,125000,125000
977,5fddf3f28ac1824a6fb56e29,0,55,1,0,0,,3.1,1,1.09212500177889,0.594665212077999,0.413263809233484,D,D,D,D,D,D,D,D,599,0,6,3,4,6,1,,8,2,8,1,,6,5,6,1,,7,5,7,1,,8,1,8,1,,5,2,5,1,,3,5,3,1,,1,5,1,1,"2,5",,,D,D,P,P,D,D,P,P,0,0,0,5,10,9,6,1,8,3,5,2.3,1,220,90,90,170,55,170,175,110,110,205,115,115,190,45,190,210,40,210,225,85,85,195,65,65,90,0,110,115,0,0,85,65,8,3,6,2,5,1,4,7,1,0,1,5,1,1,0,6,5,6,1,0,5,2,5,1,0,8,2,8,1,0,8,1,8,0,6,3,4,6,1,0,7,5,7,1,0,3,5,3,65,110,0,0,0,90,115,85,Undergraduate degree (BA/BSc/other),6,"£50,000 - £59,999",Yes,United Kingdom,No,Full-Time,0,0,0,0,0,0,0,0,0,0,55000,0,0,55000
1058,5fee24adb0feb8102643d962,1,41,1,0,0,,3.28,1,0.752598700367847,0.426927160631376,0.174400807347783,D,D,D,D,D,D,D,D,607,0,6,3,5,6,1,,8,1,8,0,6,6,5,6,0,7,7,5,7,0,1,8,1,1,1,,5,2,5,1,,3,5,3,1,,1,5,1,0,"2,5",,,D,D,P,P,D,D,P,P,0,0,0,7,5,4,8,7,1,2,8,3.2,2,220,90,90,170,55,170,175,110,110,205,115,115,190,45,45,210,40,210,225,85,85,195,65,65,90,0,110,115,0,0,85,65,8,6,7,2,5,4,3,1,1,0,1,5,1,1,0,5,2,5,1,0,3,5,3,1,0,8,1,8,0,1,8,1,1,0,7,7,5,7,0,6,6,5,6,0,6,3,5,6,65,0,85,0,0,115,110,90,Undergraduate degree (BA/BSc/other),7,"£50,000 - £59,999",Yes,United Kingdom,No,Full-Time,0,0,0,0,0,0,0,0,0,0,55000,0,0,55000
1273,600301218f2211357248f416,1,41,4,2,0,,3.5,1,0.394167560596686,0.795028071846182,-0.218485015232574,D,D,D,D,D,D,D,D,467,1,,3,2,3,1,,8,1,8,0,3,5,3,3,0,7,2,4,7,0,3,8,4,3,0,5,5,2,5,0,3,4,4,3,0,4,8,2,4,0,"1,5",,,D,D,D,D,D,D,D,D,0,0,1,5,5,2,7,4,9,10,9,1,3,220,90,220,170,55,170,175,110,170,205,115,115,190,45,40,210,40,210,225,85,85,195,65,195,0,0,0,115,40,0,85,195,1,4,2,6,5,3,7,8,1,0,3,2,3,0,7,2,4,7,1,0,8,1,8,0,5,5,2,5,0,3,8,4,3,0,3,5,3,3,0,3,4,4,3,0,4,8,2,4,0,115,0,0,40,0,85,195,Graduate degree (MA/MSc/MPhil/other),6,"£60,000 - £69,999",No,United Kingdom,No,Full-Time,0,0,0,0,0,0,65000,0,0,0,0,0,0,65000
2451,600a97750a20c621b3d6d358,0,61,1,0,2,,2.94,1,1.30408550485186,0.571360625064026,0.69379827392435,D,D,P,D,D,D,D,D,513,1,,3,1,3,0,6,8,1,6,0,6,6,5,6,1,,2,1,2,0,5,8,5,5,0,7,5,5,7,0,1,4,4,1,0,5,8,4,5,0,2,,,D,D,P,D,D,D,D,D,0,0,1,2,7,1,4,5,8,1,7,1,4,220,90,220,170,55,55,175,110,110,205,115,205,190,45,45,210,40,40,225,85,80,195,65,60,0,0,110,0,45,40,80,60,1,7,8,4,6,5,3,2,1,0,3,1,3,0,1,4,4,1,0,5,8,4,5,1,0,2,1,2,0,7,5,5,7,0,5,8,5,5,0,6,6,5,6,0,6,8,1,6,0,80,60,0,40,45,110,0,Undergraduate degree (BA/BSc/other),5,"£20,000 - £29,999",Yes,United Kingdom,No,Full-Time,25000,0,0,0,0,0,0,0,0,0,0,0,0,25000
948,600f077a481b4705a93b13d7,1,41,2,0,0,,3.7,1,1.44822456450604,0.357694807176588,0.46548928313329,D,D,D,D,D,D,D,D,424,1,,3,3,3,1,,8,3,8,0,6,6,4,6,0,3,7,4,3,0,5,8,4,5,0,6,5,4,6,0,3,3,4,3,0,1,1,4,1,0,"2,5",,,D,D,P,P,D,D,P,P,0,0,0,8,2,9,10,7,5,1,10,1,1,220,90,220,170,55,170,175,110,110,205,115,110,190,45,45,210,40,40,225,85,85,195,65,65,0,0,110,110,0,40,85,65,2,8,1,7,6,3,4,5,1,0,8,3,8,0,1,1,4,1,1,0,3,3,3,0,3,3,4,3,0,6,5,4,6,0,6,6,4,6,0,3,7,4,3,0,5,8,4,5,0,65,0,85,40,110,110,0,Undergraduate degree (BA/BSc/other),5,"£40,000 - £49,999",No,United Kingdom,No,Full-Time,0,0,0,0,45000,0,0,0,0,0,0,0,0,45000
2346,6010571dc1152033ac3bc4ca,0,27,0,0,0,,5.8,1,0.727652642905652,0.971151982436717,0.651740506613052,D,D,P,P,D,D,P,P,2196,1,,3,4,3,0,4,8,5,4,0,6,6,5,6,1,,7,5,7,0,5,8,5,5,0,6,5,4,6,1,,3,5,3,1,,1,5,1,0,"5,6","Some lotteries may have higher average per dice, but they have a low chance of actually winning anything. I would rather choose the lottery with the highest reward per dice but also a high chance of winning (ie the lotteries where only 2/8 were 0, as opposed to the ones where only 2/8 actually gave anything.)",,D,D,P,P,D,D,P,P,1,0,0,4,8,1,5,1,2,1,9,5.4,1,220,90,220,170,55,55,175,110,110,205,115,115,190,45,45,210,40,40,225,85,85,195,65,65,220,0,110,0,45,40,85,0,6,7,1,3,8,2,4,5,0,6,5,4,6,1,0,3,5,3,1,0,3,4,3,0,6,6,5,6,1,0,1,5,1,0,4,8,5,4,1,0,7,5,7,0,5,8,5,5,40,85,220,110,0,0,0,45,Undergraduate degree (BA/BSc/other),5,"£20,000 - £29,999",Yes,United Kingdom,No,Full-Time,25000,0,0,0,0,0,0,0,0,0,0,0,0,25000
1022,6022d09061828908fbf92853,0,23,1,0,0,,3.94,1,0.774319917592298,0.883213085121804,0.498391907391884,D,D,P,P,D,D,D,D,598,0,2,3,4,2,0,8,8,1,8,0,6,6,5,6,0,7,7,5,7,0,5,8,1,5,0,6,5,3,6,0,3,3,4,3,0,1,1,4,1,0,"4,5,6",Sometimes I might want to take a risk for more money and the computer won't give me that. It's not as exciting only playing for average payouts all the time.,,D,D,P,P,D,D,P,P,0,0,0,3,5,10,9,7,10,6,10,2.7,2,220,90,85,170,55,170,175,110,110,205,115,115,190,45,45,210,40,40,225,85,85,195,65,65,85,0,110,115,0,30,85,65,5,6,8,7,2,1,4,3,0,5,8,1,5,0,6,5,3,6,0,1,1,4,1,0,3,3,4,3,0,8,8,1,8,0,2,3,4,2,0,7,7,5,7,0,6,6,5,6,0,30,65,85,0,85,115,110,Secondary education (e.g. GED/GCSE),2,"£20,000 - £29,999",No,United Kingdom,No,Unemployed (and job seeking),25000,0,0,0,0,0,0,0,0,0,0,0,0,25000
701,60264f219516732a1dc72394,0,55,1,0,0,,2.02,1,0.78548123467002,0.233168719874158,0.674315941744672,P,P,P,P,P,P,P,P,487,1,,6,4,6,1,,4,4,4,1,,6,4,6,1,,7,4,7,1,,5,4,5,1,,7,5,7,1,,3,4,3,0,3,1,2,3,1,6,"I do not think 10 seconds is long enough to make an educated decision, but the computer has been making good selections so far",,P,P,P,P,P,P,P,P,0,0,0,9,4,1,8,1,5,7,9,3.2,3,220,90,90,170,55,55,175,110,110,205,115,115,190,45,45,210,40,40,225,85,85,195,65,65,90,0,110,115,45,40,0,0,8,3,4,7,2,1,6,5,0,3,1,2,3,1,0,6,4,6,1,0,7,4,7,1,0,3,4,3,1,0,4,4,4,1,0,6,4,6,1,0,7,5,7,1,0,5,4,5,0,110,115,0,0,90,40,45,Undergraduate degree (BA/BSc/other),3,"£10,000 - £15,999",No,United Kingdom,No,Part-Time,0,0,0,12500,0,0,0,0,0,0,0,0,0,12500
1940,602e85c76e51baa166315eb8,1,45,0,1,2,,2.4,1,12.5288734318035,0.01556715286419,1.10976134257132,D,D,D,D,D,D,D,D,508,1,,3,5,3,1,,8,3,8,1,,5,3,5,1,,2,5,2,1,,8,2,8,1,,5,2,5,1,,4,3,4,1,,8,3,8,1,5,,,D,D,D,D,D,D,D,D,1,2,1,9,10,4,9,1,4,4,8,1,4,220,90,220,170,55,170,175,110,175,205,115,205,190,45,190,210,40,210,225,85,225,195,65,195,0,0,0,205,0,0,0,0,1,8,2,3,7,4,5,6,1,0,3,5,3,1,0,8,3,8,1,0,8,3,8,1,0,5,3,5,1,0,4,3,4,1,0,2,5,2,1,0,8,2,8,1,0,5,2,5,0,0,0,0,0,205,0,0,Undergraduate degree (BA/BSc/other),6,"£40,000 - £49,999",No,United Kingdom,No,Full-Time,0,0,0,0,45000,0,0,0,0,0,0,0,0,45000
1505,60301eb443d657e3194282fa,1,22,0,0,0,"table headings for percentage outcomes and guaranteed amounts may have been helpful, even after reading the instructions it took a few tries to get used to the concept, the right hand column confused me at first.  ",2.3,1,0.797827471496474,0.542177085165185,0.500183387442596,D,D,P,P,D,D,P,P,541,0,6,3,5,6,1,,8,2,8,1,,6,5,6,0,1,7,4,1,0,5,8,4,5,1,,5,1,5,0,5,3,4,5,0,1,1,5,1,0,2,,,D,D,P,P,D,D,P,P,0,0,0,7,10,1,7,6,5,4,1,1.9,1,220,90,90,170,55,170,175,110,110,205,115,115,190,45,45,210,40,210,225,85,85,195,65,65,90,0,110,115,45,0,75,65,3,7,2,5,8,6,4,1,1,0,6,5,6,0,5,3,4,5,1,0,8,2,8,0,5,8,4,5,0,1,1,5,1,1,0,5,1,5,0,1,7,4,1,0,6,3,5,6,110,75,0,45,65,0,115,90,Undergraduate degree (BA/BSc/other),5,Rather not say,No,United Kingdom,No,Part-Time,0,0,0,0,0,0,0,0,0,0,0,0,0,0
1175,6037a63eb08c240350cfd0db,1,49,0,0,0,,3.2,1,1.03622733824683,0.472558764125107,0.455123107311583,D,D,P,D,D,D,D,D,492,0,2,3,5,2,0,4,8,4,4,0,6,6,5,6,1,,7,5,7,0,5,8,5,5,1,,5,1,5,0,3,3,4,3,0,1,1,5,1,0,6,The computer uses averages but I use the likelihood of getting anything at all so different approaches,,D,D,P,P,D,D,P,P,0,0,0,5,8,4,9,8,4,7,7,1.9,2,220,90,85,170,55,55,175,110,110,205,115,115,190,45,45,210,40,210,225,85,85,195,65,65,85,0,110,115,45,0,0,65,4,6,3,1,7,8,5,2,1,0,7,5,7,1,0,5,1,5,0,6,6,5,6,0,2,3,5,2,0,3,3,4,3,0,1,1,5,1,0,5,8,5,5,0,4,8,4,4,115,0,110,85,0,65,45,0,Doctorate degree (PhD/other),8,"£100,000 - £149,999",No,United Kingdom,No,Full-Time,0,0,0,0,0,0,0,0,0,0,0,0,125000,125000
1330,603d0646ae671eb670bc09b9,1,54,8,0,1,,2.26,1,1.34863125861534,0.155543696079507,0.423078663128467,D,D,D,D,D,D,D,D,560,0,,3,,3,1,,8,1,8,1,,6,3,6,0,1,7,2,1,0,3,8,4,3,0,6,5,4,6,0,1,3,5,1,1,,1,4,1,0,5,,,D,D,P,P,D,D,P,P,1,0,0,3,4,9,6,3,2,8,3,3.2,1,220,90,220,170,55,170,175,110,110,205,115,115,190,45,40,210,40,40,225,85,80,195,65,65,220,170,110,105,40,40,80,65,4,6,8,2,5,3,1,7,0,1,7,2,1,0,6,5,4,6,1,0,1,4,1,1,0,8,1,8,0,3,8,4,3,1,0,6,3,6,0,0,3,0,3,0,1,3,5,1,105,40,65,170,40,110,220,80,Undergraduate degree (BA/BSc/other),5,"£50,000 - £59,999",No,United Kingdom,No,Full-Time,0,0,0,0,0,0,0,0,0,0,55000,0,0,55000
1246,603d1a31171365bad9d0cd39,1,38,0,0,0,None thanks.,2,1,0.636893224019761,1.144016982302,0.320963677114299,D,D,D,D,D,D,D,D,707,0,6,3,1,6,0,3,8,2,3,0,2,5,4,2,0,7,2,4,7,0,7,8,1,7,1,,5,1,5,0,5,4,4,5,0,8,8,2,8,0,"4,5,6",I like to have control. Then if I get 0 it is my responsibility rather than being annoyed at external factors.,None thanks,D,D,D,D,D,D,D,D,0,0,0,6,2,10,7,7,10,3,5,1,4,220,90,90,170,55,165,175,110,110,205,115,115,190,45,45,210,40,210,225,85,85,195,65,195,0,0,100,115,0,0,75,0,1,6,5,3,4,2,7,8,0,6,3,1,6,1,0,5,1,5,0,7,8,1,7,0,2,5,4,2,0,7,2,4,7,0,3,8,2,3,0,5,4,4,5,0,8,8,2,8,0,0,0,100,115,0,75,0,Undergraduate degree (BA/BSc/other),7,"£100,000 - £149,999",Yes,United Kingdom,No,Part-Time,0,0,0,0,0,0,0,0,0,0,0,0,125000,125000
1047,6044bd895068a35321a661da,1,27,0,0,0,,2.88,1,1.90922424806121,0.0974106132750498,0.279001011530165,D,D,D,D,D,D,D,D,626,1,,3,2,3,0,6,8,4,6,0,2,6,3,2,0,1,7,4,1,0,5,8,4,5,1,,5,2,5,0,3,3,4,3,1,,1,4,1,0,5,,,D,D,P,P,D,D,P,P,0,0,0,9,3,3,5,5,1,3,10,1,1,220,90,220,170,55,55,175,110,110,205,115,115,190,45,45,210,40,210,225,85,85,195,65,65,0,55,0,0,45,0,85,65,8,5,6,1,2,7,4,3,1,0,1,4,1,0,5,8,4,5,1,0,5,2,5,1,0,3,2,3,0,6,8,4,6,0,3,3,4,3,0,1,7,4,1,0,2,6,3,2,65,45,0,0,55,85,0,0,Undergraduate degree (BA/BSc/other),5,"£20,000 - £29,999",No,United Kingdom,No,Full-Time,25000,0,0,0,0,0,0,0,0,0,0,0,0,25000
823,60487ebc968b491ba6c6f0d6,0,27,1,0,0,"None, thank you.",2.76,1,3.93255887523809,0.00488889518991944,1.6299260582517,D,D,P,P,D,D,P,P,510,0,1,3,3,1,0,4,8,3,4,0,6,6,4,6,0,7,7,5,7,0,5,8,4,5,0,7,5,2,7,0,3,3,4,3,0,1,1,4,1,0,"2,4,5",,,D,D,P,P,D,D,P,P,0,0,0,4,4,10,4,1,10,4,10,2.7,4,220,90,90,170,55,55,175,110,110,205,115,115,190,45,45,210,40,40,225,85,85,195,65,65,0,0,110,115,45,40,85,65,1,7,6,3,4,8,5,2,0,1,3,3,1,0,3,3,4,3,0,7,5,2,7,0,6,6,4,6,0,7,7,5,7,0,1,1,4,1,0,5,8,4,5,0,4,8,3,4,0,85,40,110,115,65,45,0,Undergraduate degree (BA/BSc/other),5,"£30,000 - £39,999",No,United Kingdom,No,Full-Time,0,35000,0,0,0,0,0,0,0,0,0,0,0,35000
898,6048d527affd1428c830c2e2,1,63,0,0,0,It would have been easier if the rows below the switch had autofilled.,2.22,1,1.23221153785669,0.335174096371605,0.611249915162065,D,D,P,P,D,D,P,D,457,1,,3,3,3,1,,8,3,8,1,,6,5,6,1,,7,5,7,1,,8,3,8,1,,5,3,5,1,,3,5,3,1,,1,5,1,1,"2,6",The computer is better at maths than me!,,D,D,P,P,D,D,P,P,0,0,0,9,3,2,6,5,3,1,8,3.3,2,220,90,220,170,55,170,175,110,110,205,115,115,190,45,190,210,40,210,225,85,85,195,65,65,0,0,110,115,0,0,85,65,4,8,5,7,3,2,1,6,1,0,7,5,7,1,0,1,5,1,1,0,8,3,8,1,0,3,5,3,1,0,6,5,6,1,0,8,3,8,1,0,3,3,3,1,0,5,3,5,115,65,0,85,110,0,0,0,Undergraduate degree (BA/BSc/other),5,"£16,000 - £19,999",Yes,United Kingdom,No,Full-Time,0,0,0,0,0,17500,0,0,0,0,0,0,0,17500
985,6049d09a4abaf27d9bb325b7,1,46,2,1,0,,2.56,1,0.701974782192835,1.30169064458417,0.668321892605065,D,D,P,P,D,D,P,P,396,1,,3,2,3,1,,8,3,8,0,2,6,3,2,0,1,7,2,1,1,,8,2,8,0,6,5,3,6,0,4,3,1,4,1,,1,3,1,1,5,,,D,D,P,P,D,D,P,P,1,0,0,4,9,8,4,7,5,3,5,1.8,3,220,90,220,170,55,170,175,110,110,205,115,115,190,45,190,210,40,40,225,85,225,195,65,65,220,0,0,115,0,40,225,65,4,7,8,3,1,5,6,2,0,1,7,2,1,0,4,3,1,4,1,0,1,3,1,0,2,6,3,2,1,0,3,2,3,1,0,8,2,8,0,6,5,3,6,1,0,8,3,8,115,225,65,0,220,0,40,0,High school diploma/A-levels,5,"£16,000 - £19,999",No,United Kingdom,No,Part-Time,0,0,0,0,0,17500,0,0,0,0,0,0,0,17500
1728,6053e01a6a8e8516ba7d47a7,0,56,0,0,0,No comments- thanks.,2.8,1,2.22094922329855,0.463098284388593,0.895086582145971,D,D,D,D,D,D,D,D,741,0,4,3,3,4,0,4,8,3,4,0,6,5,4,6,0,3,2,4,3,0,5,8,3,5,0,7,5,3,7,1,,4,1,4,0,7,8,3,7,0,"2,4,5,6",I trust computers but have a lack of faith in algorithms.,It was very enjoyable and I liked that it needed fast decision making- my sort of study!,D,D,D,D,D,D,D,D,0,0,0,7,3,6,2,5,5,6,10,3.2,4,220,90,90,170,55,55,175,110,110,205,115,110,190,45,45,210,40,40,225,85,225,195,65,65,85,55,110,110,45,40,0,55,7,1,2,3,8,5,6,4,1,0,4,1,4,0,4,3,3,4,0,4,8,3,4,0,6,5,4,6,0,7,8,3,7,0,5,8,3,5,0,7,5,3,7,0,3,2,4,3,0,85,55,110,55,45,40,110,Undergraduate degree (BA/BSc/other),7,"£60,000 - £69,999",No,United Kingdom,No,Full-Time,0,0,0,0,0,0,65000,0,0,0,0,0,0,65000
1064,60587a632a56aa17491c12fe,0,47,0,0,0,,5.6,1,0.899603603431021,1.10592303334037,0.733979562403924,D,D,P,P,D,D,P,D,481,0,6,3,3,6,0,4,8,3,4,0,6,6,4,6,0,7,7,3,7,1,,8,2,8,0,7,5,3,7,0,3,3,3,3,0,1,1,3,1,0,2,,,D,D,P,P,D,D,P,P,0,0,0,10,10,10,2,4,3,7,1,1,1,220,90,90,170,55,55,175,110,110,205,115,115,190,45,190,210,40,40,225,85,85,195,65,65,90,55,110,115,190,0,0,65,5,2,6,1,3,7,8,4,1,0,8,2,8,0,4,8,3,4,0,7,5,3,7,0,6,3,3,6,0,6,6,4,6,0,3,3,3,3,0,1,1,3,1,0,7,7,3,7,190,55,0,90,110,0,65,115,High school diploma/A-levels,5,"£30,000 - £39,999",No,United Kingdom,No,Full-Time,0,35000,0,0,0,0,0,0,0,0,0,0,0,35000
1098,6073b4bb06e1a71c92966800,1,25,1,0,0,N/A,2.2,1,1.90681712335865,0.253739604985033,0.341116217644522,D,D,D,D,D,D,D,D,394,1,,3,1,3,1,,8,5,8,1,,6,2,6,1,,7,2,7,1,,8,1,8,1,,5,1,5,1,,3,4,3,1,,1,4,1,0,5,,,D,D,P,P,D,D,P,P,0,0,0,5,7,8,5,3,7,8,3,1,2,220,90,220,170,55,170,175,110,110,205,115,115,190,45,190,210,40,210,225,85,85,195,65,65,0,170,0,0,0,0,85,65,7,2,6,3,4,8,1,5,1,0,3,4,3,1,0,8,5,8,1,0,5,1,5,1,0,6,2,6,1,0,7,2,7,1,0,1,4,1,1,0,3,1,3,1,0,8,1,8,85,170,0,0,0,65,0,0,Undergraduate degree (BA/BSc/other),5,"£50,000 - £59,999",No,United Kingdom,No,Full-Time,0,0,0,0,0,0,0,0,0,0,55000,0,0,55000
918,6092eb318a3efe4d95b0a0b0,0,42,1,0,0,No... good study so far!,2.98,1,1.14420715842789,0.525996347922903,0.242774225696868,D,D,D,D,D,D,D,D,501,1,,3,4,3,0,1,8,3,1,0,4,5,4,4,0,7,2,5,7,0,3,8,3,3,0,7,5,3,7,1,,4,2,4,0,7,8,3,7,0,2,,,D,D,D,D,D,D,D,D,0,0,0,10,9,8,7,1,1,2,2,2.1,3,220,90,220,170,55,170,175,110,105,205,115,115,190,45,40,210,40,40,225,85,225,195,65,65,220,0,0,115,40,40,0,55,8,1,7,5,2,4,6,3,0,7,8,3,7,1,0,3,4,3,1,0,4,2,4,0,3,8,3,3,0,1,8,3,1,0,7,2,5,7,0,7,5,3,7,0,4,5,4,4,55,220,0,40,0,115,40,0,Graduate degree (MA/MSc/MPhil/other),7,"£70,000 - £79,999",No,United Kingdom,No,Full-Time,0,0,75000,0,0,0,0,0,0,0,0,0,0,75000
1759,609bea211aa125abbb0c65e1,1,60,4,6,0,None at this time.,2.52,1,0.890402220110074,0.550227969192817,0.565443793199592,D,D,P,P,D,D,P,P,801,0,6,3,5,6,0,4,8,3,4,0,4,6,4,4,0,1,7,5,1,0,5,8,3,5,0,7,5,3,7,0,5,3,1,5,0,3,1,3,3,0,2,,I don't trust algorythms and rather select options myself because I don't think it can get the gist of me fully.,D,D,P,P,D,D,P,P,0,0,0,3,3,2,7,6,7,7,5,1.8,4,220,90,90,170,55,55,175,110,105,205,115,115,190,45,45,210,40,40,225,85,85,195,65,65,90,55,105,115,45,40,0,65,4,5,3,2,7,6,8,1,0,1,7,5,1,0,5,8,3,5,0,4,6,4,4,0,4,8,3,4,0,5,3,1,5,0,7,5,3,7,0,3,1,3,3,0,6,3,5,6,115,45,105,55,0,40,65,90,Doctorate degree (PhD/other),4,"Less than £10,000",No,United Kingdom,No,Full-Time,0,0,0,0,0,0,0,5000,0,0,0,0,0,5000
1478,609c5961e1d11ae2bd9ebd6c,1,47,2,0,1,,2.4,1,2.09782880924615,0.537341459174521,0.357507668418154,D,D,D,D,D,D,D,D,579,0,6,3,4,6,1,,8,5,8,0,6,5,4,6,0,5,2,1,5,0,5,8,4,5,1,,5,1,5,1,,4,5,4,0,7,8,5,7,0,2,,,D,D,D,D,D,D,D,D,1,1,0,3,1,4,7,10,4,7,4,2.8,4,220,90,90,170,55,170,175,110,110,205,115,115,190,45,45,210,40,210,225,85,225,195,65,65,90,170,110,0,45,0,225,65,4,5,7,1,2,8,6,3,0,5,2,1,5,0,5,8,4,5,1,0,4,5,4,0,6,3,4,6,1,0,8,5,8,0,7,8,5,7,1,0,5,1,5,0,6,5,4,6,0,45,225,90,170,65,0,110,Undergraduate degree (BA/BSc/other),5,"£16,000 - £19,999",No,United Kingdom,No,Part-Time,0,0,0,0,0,17500,0,0,0,0,0,0,0,17500
944,60a2c2e3edac0531b3b0af44,1,42,0,0,0,,2,1,2.092123194569,0.0789555205563981,0.238600550645381,D,D,D,D,D,D,D,D,472,0,4,3,3,4,0,6,8,3,6,0,6,6,3,6,0,1,7,3,1,1,,8,2,8,1,,5,2,5,1,,3,4,3,1,,1,3,1,0,2,,,D,D,P,P,D,D,P,P,0,0,0,9,8,2,3,9,5,6,10,1,1,220,90,90,170,55,55,175,110,110,205,115,115,190,45,190,210,40,210,225,85,85,195,65,65,90,0,110,0,190,0,85,65,6,4,7,3,5,1,8,2,1,0,5,2,5,0,1,7,3,1,1,0,3,4,3,0,6,6,3,6,1,0,8,2,8,0,4,3,3,4,1,0,1,3,1,0,6,8,3,6,0,0,85,110,190,90,65,0,Undergraduate degree (BA/BSc/other),4,"£20,000 - £29,999",No,United Kingdom,No,Full-Time,25000,0,0,0,0,0,0,0,0,0,0,0,0,25000
1659,60aa16c68f8b93c186c5465b,0,68,0,0,0,,4,1,0.965435584613483,0.268180982419513,0.187704117783446,D,D,D,D,D,D,D,D,691,0,4,3,5,4,0,4,8,5,4,0,6,5,5,6,0,7,2,5,7,0,5,8,5,5,0,7,5,5,7,0,7,4,5,7,0,1,8,5,1,0,5,,none.,D,D,D,D,D,D,D,D,1,0,0,2,4,7,9,1,3,10,2,1.9,3,220,90,90,170,55,55,175,110,110,205,115,115,190,45,45,210,40,40,225,85,85,195,65,65,90,0,110,115,45,0,85,65,1,7,8,3,6,2,4,5,0,4,3,5,4,0,7,4,5,7,0,1,8,5,1,0,6,5,5,6,0,7,5,5,7,0,4,8,5,4,0,7,2,5,7,0,5,8,5,5,90,85,65,110,0,0,115,45,Technical/community college,6,"£20,000 - £29,999",Yes,United Kingdom,No,Part-Time,25000,0,0,0,0,0,0,0,0,0,0,0,0,25000
1310,60aff9a6354c706f21c27da1,1,38,2,0,0,,2.8,1,1.03441153538033,0.133255350142408,-0.161274543294992,D,D,D,D,D,D,D,D,501,0,7,3,5,7,0,4,8,5,4,0,5,5,5,5,0,5,2,5,5,0,1,8,5,1,0,4,5,5,4,0,3,4,5,3,0,7,8,5,7,0,"1,2,4,5",,None,D,D,D,D,D,D,D,D,0,0,0,4,10,3,4,8,9,8,1,1.8,4,220,90,220,170,55,55,175,110,175,205,115,115,190,45,45,210,40,40,225,85,85,195,65,65,220,55,175,115,45,40,85,65,5,8,2,7,1,4,3,6,0,1,8,5,1,0,7,8,5,7,0,4,8,5,4,0,3,4,5,3,0,7,3,5,7,0,5,2,5,5,0,5,5,5,5,0,4,5,5,4,45,65,55,85,220,115,175,40,Undergraduate degree (BA/BSc/other),5,"£50,000 - £59,999",No,United Kingdom,No,Full-Time,0,0,0,0,0,0,0,0,0,0,55000,0,0,55000
1321,60b932147633bf0dd446941e,0,48,1,0,0,,2.7,1,1.86073450016985,0.592082715372293,1.06290595996749,D,D,P,P,D,D,D,D,815,1,,3,5,3,1,,8,5,8,1,,6,5,6,1,,7,4,7,1,,8,5,8,1,,5,3,5,1,,3,4,3,0,4,1,1,4,1,2,,,D,D,P,P,D,D,P,P,0,0,0,9,6,4,7,1,10,4,6,1,1,220,90,220,170,55,170,175,110,110,205,115,115,190,45,190,210,40,210,225,85,85,195,65,195,0,0,110,115,0,0,85,0,5,8,2,6,4,1,7,3,1,0,8,5,8,0,4,1,1,4,1,0,8,5,8,1,0,5,3,5,1,0,7,4,7,1,0,3,5,3,1,0,3,4,3,1,0,6,5,6,0,0,0,0,115,0,85,110,Technical/community college,2,"£10,000 - £15,999",No,United Kingdom,No,Part-Time,0,0,0,12500,0,0,0,0,0,0,0,0,0,12500
1470,60c48535b67b2b74eef760d0,0,55,0,0,2,It was interesting.,2.8,1,1.2285912896838,0.333829349418722,0.703508528576297,D,D,P,P,D,D,P,P,651,0,6,3,4,6,0,4,8,3,4,0,7,6,4,7,0,7,7,5,7,0,5,8,2,5,0,7,5,2,7,0,3,3,4,3,0,1,1,3,1,0,"4,5,6",I like to challenge myself.,It was enjoyable and stimulating. Thank you.,D,D,P,P,D,D,P,P,0,0,0,1,5,10,2,9,3,6,8,2.1,2,220,90,90,170,55,55,175,110,110,205,115,115,190,45,45,210,40,40,225,85,85,195,65,65,90,55,110,115,0,0,85,65,6,7,1,3,5,2,8,4,0,7,5,2,7,0,3,3,4,3,0,6,3,4,6,0,7,6,4,7,0,5,8,2,5,0,4,8,3,4,0,1,1,3,1,0,7,7,5,7,0,85,90,110,0,55,65,115,High school diploma/A-levels,5,"£50,000 - £59,999",No,United Kingdom,No,Full-Time,0,0,0,0,0,0,0,0,0,0,55000,0,0,55000
986,60c911874f9d508f93d839cc,1,32,1,0,0,,3.2,1,1.0646397258056,0.839539246641864,0.913498540135594,D,D,P,P,D,D,P,P,481,1,,3,2,3,0,6,8,4,6,0,6,6,5,6,0,7,7,5,7,0,5,8,4,5,1,,5,1,5,0,3,3,5,3,0,7,1,4,7,0,"1,2",,,D,D,P,P,D,D,P,P,0,0,0,5,8,10,9,8,3,1,8,2.7,3,220,90,220,170,55,55,175,110,110,205,115,115,190,45,45,210,40,210,225,85,85,195,65,65,0,0,110,115,45,0,85,65,1,5,2,6,8,7,3,4,1,0,3,2,3,0,5,8,4,5,0,6,8,4,6,1,0,5,1,5,0,7,1,4,7,0,3,3,5,3,0,6,6,5,6,0,7,7,5,7,0,45,0,0,65,85,110,115,Graduate degree (MA/MSc/MPhil/other),4,"£20,000 - £29,999",Yes,United Kingdom,No,Full-Time,25000,0,0,0,0,0,0,0,0,0,0,0,0,25000
1176,60cf5ca7f7689965b747007c,0,50,0,0,0,I'll save them till after the second part.,4,1,0.96190081119966,0.786464434663086,0.312537889343445,D,D,D,D,D,D,D,D,761,1,,3,3,3,1,,8,1,8,1,,5,1,5,1,,2,1,2,1,,8,4,8,1,,5,3,5,1,,4,5,4,1,,8,1,8,0,1,,"When I answered I don't trust the computer, what I meant by that was if it was genuinely taking in to account my choices in the first part of the study then it did an incredibly poor job with its selections in this one. I stuck with it for all 8 and I think I would have chosen differently for almost all of them, yet my risk/reward level hasn't changed that much in a few days!",D,D,D,D,D,D,D,D,0,0,0,5,5,6,2,6,1,3,1,1,4,220,90,220,170,55,170,175,110,175,205,115,205,190,45,190,210,40,210,225,85,225,195,65,195,0,0,0,0,0,0,225,0,7,5,6,1,4,8,3,2,1,0,4,5,4,1,0,8,4,8,1,0,5,3,5,1,0,3,3,3,1,0,2,1,2,1,0,8,1,8,1,0,5,1,5,1,0,8,1,8,225,0,0,0,0,0,0,0,Secondary education (e.g. GED/GCSE),5,"£30,000 - £39,999",No,United Kingdom,Yes,Part-Time,0,35000,0,0,0,0,0,0,0,0,0,0,0,35000
1180,60d1c82e42c14a1bfe66293c,1,32,2,0,0,,4,1,1.88176736747209,0.217481789144603,0.70320874126552,D,D,P,D,D,D,D,D,471,0,6,3,4,6,1,,8,3,8,1,,6,5,6,1,,7,5,7,0,5,8,4,5,1,,5,4,5,0,3,3,4,3,1,,1,5,1,0,"2,5",,,D,D,P,P,D,D,P,P,0,0,0,4,8,10,8,4,7,8,7,1,1,220,90,90,170,55,170,175,110,110,205,115,115,190,45,45,210,40,210,225,85,85,195,65,65,0,0,110,115,45,0,85,65,5,3,2,1,4,6,7,8,0,5,8,4,5,1,0,6,5,6,1,0,8,3,8,0,6,3,4,6,1,0,7,5,7,1,0,5,4,5,0,3,3,4,3,1,0,1,5,1,45,110,0,0,115,0,85,65,High school diploma/A-levels,5,"£20,000 - £29,999",No,United Kingdom,No,Part-Time,25000,0,0,0,0,0,0,0,0,0,0,0,0,25000
1598,60d60958e8f530cfe680a54c,1,46,1,0,1,,6,1,1.1333732739028,0.795460162969958,0.654460535243435,D,D,P,D,D,D,D,D,647,1,,3,1,3,1,,8,1,8,1,,6,5,6,1,,7,5,7,1,,8,1,8,1,,5,1,5,1,,3,5,3,1,,1,4,1,1,6,I would try to do the mathematics of probability in my head to select the outcome so the computer will do it better,no,D,D,P,P,D,D,P,P,0,0,0,1,2,2,7,3,8,6,8,1,2,220,90,220,170,55,170,175,110,110,205,115,115,190,45,190,210,40,210,225,85,85,195,65,65,0,0,110,115,0,0,85,65,6,5,2,8,1,7,3,4,1,0,5,1,5,1,0,8,1,8,1,0,8,1,8,1,0,1,4,1,1,0,3,1,3,1,0,3,5,3,1,0,6,5,6,1,0,7,5,7,0,0,0,65,0,85,110,115,High school diploma/A-levels,7,"£60,000 - £69,999",No,United Kingdom,No,Full-Time,0,0,0,0,0,0,65000,0,0,0,0,0,0,65000
679,60e02be4699a3f5cbe314e99,1,53,2,2,0,,3.3,1,2.2927271084847,0.206410311740598,0.492961100702419,D,D,D,D,D,D,D,D,443,1,,3,3,3,1,,8,3,8,1,,5,3,5,0,4,2,4,4,0,7,8,4,7,1,,5,3,5,1,,4,3,4,1,,8,2,8,1,"1,2,5",,,D,D,D,D,D,D,D,D,0,0,1,3,6,7,3,1,5,9,5,5.4,3,220,90,220,170,55,170,175,110,175,205,115,205,190,45,45,210,40,210,225,85,225,195,65,195,220,0,175,0,45,0,0,0,1,8,7,2,6,4,3,5,1,0,3,3,3,1,0,8,2,8,1,0,4,3,4,1,0,8,3,8,1,0,5,3,5,0,4,2,4,4,1,0,5,3,5,0,7,8,4,7,220,0,0,0,0,0,175,45,High school diploma/A-levels,3,"£10,000 - £15,999",Yes,United Kingdom,Yes,Part-Time,0,0,0,12500,0,0,0,0,0,0,0,0,0,12500
956,60e18fc810d0837bef0f5873,0,60,1,0,1,,3.7,1,2.41576281850966,0.0310090320534448,0.758520695176852,D,D,P,D,D,D,D,D,351,1,,3,1,3,0,4,8,1,4,0,6,6,2,6,0,1,2,4,1,1,,8,1,8,1,,5,1,5,1,,4,4,4,1,,8,1,8,0,5,,,D,D,P,D,D,D,D,D,0,0,0,5,8,3,8,1,7,7,2,1,4,220,90,220,170,55,55,175,110,110,205,115,115,190,45,190,210,40,210,225,85,225,195,65,195,0,0,0,110,0,0,225,0,5,6,7,8,3,1,2,4,1,0,8,1,8,1,0,5,1,5,1,0,4,4,4,1,0,8,1,8,0,6,6,2,6,1,0,3,1,3,0,4,8,1,4,0,1,2,4,1,0,0,225,0,0,0,0,110,Undergraduate degree (BA/BSc/other),5,"£30,000 - £39,999",No,United Kingdom,No,Part-Time,0,35000,0,0,0,0,0,0,0,0,0,0,0,35000
897,60eb17baa759f7208a1bd686,1,47,0,0,0,,2.8,1,1.56959359516017,0.718320806066856,0.569906397284586,D,D,D,D,D,D,D,D,447,1,,3,4,3,1,,8,5,8,1,,6,5,6,0,7,7,5,7,1,,8,3,8,1,,5,3,5,1,,3,5,3,1,,1,5,1,0,5,,,D,D,P,P,D,D,P,P,1,2,0,4,3,6,4,2,7,5,6,1,1,220,90,220,170,55,170,175,110,110,205,115,115,190,45,190,210,40,210,225,85,85,195,65,65,220,0,110,115,0,0,0,0,2,3,6,7,1,8,5,4,1,0,8,5,8,1,0,6,5,6,1,0,5,3,5,1,0,3,5,3,1,0,3,4,3,1,0,1,5,1,1,0,8,3,8,0,7,7,5,7,0,110,0,0,220,0,0,115,Technical/community college,5,"£30,000 - £39,999",No,United Kingdom,No,Full-Time,0,35000,0,0,0,0,0,0,0,0,0,0,0,35000
1139,60f58103f23bca812b229dbb,0,29,0,0,0,n/a,4,1,0.990825692024182,0.308368320742595,0.80547447252638,P,D,P,P,P,P,P,P,709,1,,3,5,3,1,,8,1,8,1,,6,5,6,1,,7,4,7,1,,8,2,8,0,7,5,4,7,1,,3,3,3,0,4,1,1,4,1,2,,n/a,D,D,P,P,D,D,P,P,0,0,0,4,6,9,4,6,2,1,5,1,2,220,90,220,170,55,170,175,110,110,205,115,115,190,45,190,210,40,40,225,85,85,195,65,195,220,0,110,115,0,40,85,0,4,1,7,2,6,8,5,3,1,0,7,4,7,1,0,3,5,3,1,0,3,3,3,1,0,8,1,8,0,7,5,4,7,0,4,1,1,4,1,0,8,2,8,1,0,6,5,6,115,220,85,0,40,0,0,110,Graduate degree (MA/MSc/MPhil/other),3,Rather not say,Yes,United Kingdom,No,Other,0,0,0,0,0,0,0,0,0,0,0,0,0,0
1120,60fa9db86962e340766fcd80,1,24,0,2,2,,2.2,1,2.28632307495384,0.181775978346074,0.952193500204564,D,D,P,P,D,D,D,D,362,0,3,3,5,3,0,2,8,3,2,1,,6,4,6,0,5,7,4,5,1,,8,1,8,1,,5,3,5,1,,4,1,4,1,,8,1,8,0,1,,,D,D,P,P,D,D,D,D,1,1,1,4,7,8,2,9,6,7,6,5.2,3,220,90,220,170,55,55,175,110,110,205,115,115,190,45,190,210,40,210,225,85,225,195,65,195,220,55,0,115,190,210,225,0,5,4,8,2,3,6,1,7,1,0,8,1,8,0,5,7,4,5,1,0,8,1,8,0,2,8,3,2,1,0,6,4,6,1,0,5,3,5,0,3,3,5,3,1,0,4,1,4,190,115,0,55,0,210,220,225,High school diploma/A-levels,3,Rather not say,No,United Kingdom,Yes,Part-Time,0,0,0,0,0,0,0,0,0,0,0,0,0,0
1321,60fc47a77f054a5c6b167d70,1,46,0,0,2,,2.68,1,0.615262748705708,0.98894625802825,0.554010681215843,D,D,P,P,D,D,P,P,795,0,2,3,4,2,0,4,8,4,4,0,4,6,5,4,0,3,7,2,3,1,,8,1,8,0,7,5,4,7,1,,3,4,3,0,7,1,4,7,0,"1,2,6",The computer made a very bad decision and selected a lottery that I would never have chosen. ,I do not believe the computer actually chose the lottery based on my Part 1 information as it chose a lottery that I never would have chosen.,D,D,P,P,D,D,P,P,0,0,0,10,10,2,5,2,7,10,4,2.1,4,220,90,85,170,55,55,175,110,105,205,115,110,190,45,190,210,40,40,225,85,85,195,65,65,85,55,105,0,0,40,85,65,4,7,2,5,8,3,1,6,0,3,7,2,3,1,0,3,4,3,0,4,8,4,4,1,0,8,1,8,0,7,1,4,7,0,4,6,5,4,0,2,3,4,2,0,7,5,4,7,0,85,55,0,65,105,85,40,Undergraduate degree (BA/BSc/other),5,"£20,000 - £29,999",No,United Kingdom,No,Full-Time,25000,0,0,0,0,0,0,0,0,0,0,0,0,25000
1020,61065a951ba33316abb42a29,1,39,0,0,0,,2.6,1,1.38805472234093,0.420439424219092,0.145448293108573,D,D,D,D,D,D,D,D,479,1,,3,2,3,1,,8,3,8,0,7,6,3,7,0,7,7,3,7,1,,8,2,8,1,,5,1,5,0,3,3,4,3,0,7,1,3,7,0,5,,,D,D,P,P,D,D,P,P,0,0,0,3,2,5,5,6,5,7,5,5.4,1,220,90,220,170,55,170,175,110,110,205,115,115,190,45,190,210,40,210,225,85,85,195,65,65,220,0,0,0,0,0,0,55,2,7,6,8,5,4,1,3,1,0,8,3,8,0,3,3,4,3,1,0,5,1,5,0,7,1,3,7,1,0,8,2,8,0,7,7,3,7,1,0,3,2,3,0,7,6,3,7,0,0,0,55,0,0,220,0,Secondary education (e.g. GED/GCSE),6,"£50,000 - £59,999",No,United Kingdom,Yes,Full-Time,0,0,0,0,0,0,0,0,0,0,55000,0,0,55000
1138,6112dc9fe0bbeb6fca8fc014,0,32,0,0,0,,2.8,1,0.908139909298236,1.01982101360582,0.750670734526376,D,D,P,P,D,D,P,P,558,1,,3,1,3,1,,8,1,8,1,,6,5,6,1,,7,1,7,1,,8,1,8,1,,5,1,5,1,,3,5,3,1,,1,5,1,1,6,prefer unpredictablility,,D,D,P,P,D,D,P,P,0,0,0,7,5,4,1,7,5,8,1,3.2,2,220,90,220,170,55,170,175,110,110,205,115,115,190,45,190,210,40,210,225,85,85,195,65,65,0,0,110,0,0,0,85,65,1,7,8,2,3,6,5,4,1,0,3,1,3,1,0,3,5,3,1,0,1,5,1,1,0,8,1,8,1,0,6,5,6,1,0,5,1,5,1,0,8,1,8,1,0,7,1,7,0,85,65,0,110,0,0,0,Secondary education (e.g. GED/GCSE),5,"£30,000 - £39,999",No,United Kingdom,No,Full-Time,0,35000,0,0,0,0,0,0,0,0,0,0,0,35000
2267,611943dcb8b11a7b6cf6b596,0,32,0,0,0,there were 27 tasks rather than 25...,3,1,1.31387574680549,0.266371267575981,0.505969013299149,D,D,P,D,D,D,D,D,722,0,2,3,4,2,0,6,8,4,6,1,,6,4,6,1,,2,2,2,1,,8,3,8,0,4,5,3,4,1,,4,2,4,1,,8,3,8,0,2,,none,D,D,P,D,D,D,D,D,0,0,0,3,5,5,9,9,5,6,9,1,3,220,90,85,170,55,55,175,110,110,205,115,205,190,45,190,210,40,40,225,85,225,195,65,195,85,55,0,205,190,40,0,195,7,3,2,6,5,8,4,1,1,0,4,2,4,1,0,6,4,6,0,6,8,4,6,0,4,5,3,4,1,0,8,3,8,1,0,8,3,8,1,0,2,2,2,0,2,3,4,2,0,0,55,40,190,195,205,85,Secondary education (e.g. GED/GCSE),7,"£20,000 - £29,999",No,United Kingdom,No,Full-Time,25000,0,0,0,0,0,0,0,0,0,0,0,0,25000
1543,611f65b7f095e97025cdf0dd,1,43,0,0,0,,4,1,0.992435979769374,0.252988891025053,0.649069681196865,D,D,P,P,D,D,P,P,481,0,6,3,4,6,0,2,8,3,2,0,2,6,5,2,1,,7,4,7,1,,8,2,8,1,,5,1,5,0,5,3,3,5,1,,1,5,1,0,"1,5",,,D,D,P,P,D,D,P,P,0,0,0,9,3,8,8,8,4,6,7,1,1,220,90,90,170,55,55,175,110,110,205,115,115,190,45,190,210,40,210,225,85,85,195,65,65,90,55,0,115,0,0,85,65,7,6,1,3,8,5,2,4,0,5,3,3,5,1,0,5,1,5,0,6,3,4,6,0,2,6,5,2,1,0,1,5,1,1,0,8,2,8,0,2,8,3,2,1,0,7,4,7,85,0,90,0,65,0,55,115,High school diploma/A-levels,6,"£30,000 - £39,999",No,United Kingdom,No,Part-Time,0,35000,0,0,0,0,0,0,0,0,0,0,0,35000
1801,6128a3db67305ef94021fcd7,3,29,1,1,0,"None, thanks!",2.3,1,0.682263648682314,0.792629478123452,0.39132591035188,D,D,P,D,D,D,D,D,359,0,6,3,3,6,0,4,8,2,4,0,2,6,1,2,0,1,7,4,1,0,5,8,2,5,0,7,5,2,7,0,3,3,3,3,0,1,1,2,1,0,"4,5",,"None, thank you.",D,D,P,P,D,D,P,P,0,0,0,9,9,3,7,4,5,10,4,3.3,2,220,90,90,170,55,55,175,110,110,205,115,115,190,45,45,210,40,40,225,85,85,195,65,65,90,55,0,115,45,40,85,65,1,7,3,8,4,2,5,6,0,6,3,3,6,0,3,3,3,3,0,2,6,1,2,0,1,1,2,1,0,1,7,4,1,0,4,8,2,4,0,5,8,2,5,0,7,5,2,7,90,85,0,65,115,55,45,40,Graduate degree (MA/MSc/MPhil/other),6,"£30,000 - £39,999",Yes,United Kingdom,Yes,Full-Time,0,35000,0,0,0,0,0,0,0,0,0,0,0,35000
1326,612b5a2c55286e4cf74a63ee,0,48,3,2,4,,4,1,1.17921876753637,0.33936107666126,0.318855468224441,D,D,D,D,D,D,D,D,501,0,6,3,5,6,0,4,8,5,4,0,2,5,5,2,0,3,2,5,3,1,,8,1,8,1,,5,1,5,1,,4,1,4,0,1,8,5,1,0,2,,,D,D,D,D,D,D,D,D,0,0,0,7,1,6,7,1,4,5,9,2.8,3,220,90,90,170,55,55,175,110,110,205,115,110,190,45,190,210,40,210,225,85,225,195,65,65,90,0,100,110,0,0,0,0,6,7,1,5,3,4,2,8,1,0,5,1,5,1,0,4,1,4,0,6,3,5,6,1,0,8,1,8,0,2,5,5,2,0,3,2,5,3,0,4,8,5,4,0,1,8,5,1,0,0,90,0,100,110,0,0,Technical/community college,6,"£20,000 - £29,999",No,United Kingdom,No,Full-Time,25000,0,0,0,0,0,0,0,0,0,0,0,0,25000
2334,612cc22830e71399b7a86841,1,68,0,0,1,,2.1,1,4.11080425267668,0.0835645847094296,1.04138792393492,D,D,D,D,D,D,D,D,991,0,6,3,2,6,0,4,8,4,4,0,2,5,5,2,1,,2,1,2,0,7,8,4,7,0,6,5,3,6,0,3,4,4,3,1,,8,1,8,0,"2,5",,,D,D,D,D,D,D,D,D,0,0,1,8,3,10,6,1,1,8,8,1,4,220,90,90,170,55,55,175,110,110,205,115,205,190,45,45,210,40,40,225,85,85,195,65,195,0,55,100,0,45,30,85,0,8,4,6,7,2,1,5,3,1,0,8,1,8,1,0,2,1,2,0,6,5,3,6,0,3,4,4,3,0,4,8,4,4,0,6,3,2,6,0,7,8,4,7,0,2,5,5,2,0,0,30,85,55,0,45,100,High school diploma/A-levels,5,"£20,000 - £29,999",No,United Kingdom,No,"Not in paid work (e.g. homemaker', 'retired or disabled)",25000,0,0,0,0,0,0,0,0,0,0,0,0,25000
1014,612cebaa82955dc557a8ba2c,1,21,0,0,0,,4,1,1.11214021821616,0.574165552773388,0.77022523679659,D,D,P,P,D,D,P,P,733,1,,3,3,3,1,,8,1,8,1,,6,3,6,1,,7,3,7,1,,8,1,8,1,,5,1,5,1,,3,4,3,1,,1,4,1,0,2,,,D,D,P,P,D,D,P,P,1,1,0,9,4,8,9,7,3,6,3,2.7,1,220,90,220,170,55,170,175,110,110,205,115,115,190,45,190,210,40,210,225,85,85,195,65,65,0,170,0,115,0,0,85,65,7,4,6,2,8,5,3,1,1,0,3,4,3,1,0,7,3,7,1,0,5,1,5,1,0,8,1,8,1,0,1,4,1,1,0,8,1,8,1,0,6,3,6,1,0,3,3,3,85,115,0,170,65,0,0,0,High school diploma/A-levels,6,Rather not say,No,United Kingdom,Yes,DATA_EXPIRED,0,0,0,0,0,0,0,0,0,0,0,0,0,0
1730,613c81cee7cb25192a07ddea,1,27,2,3,0,,2.48,1,0.116043270429582,0.00345537106802577,2.1635629874326,P,P,P,P,P,P,P,P,737,0,4,6,3,4,1,,4,3,4,1,,6,4,6,1,,7,4,7,1,,5,4,5,0,6,7,2,6,0,4,3,1,4,0,,1,,1,1,"2,5",,,P,P,P,P,P,P,P,P,1,1,1,2,3,10,1,9,1,7,6,1,3,220,90,90,170,55,55,175,110,110,205,115,115,190,45,45,210,40,40,225,85,225,195,65,65,90,55,110,0,0,30,225,0,7,5,8,1,3,2,4,6,0,4,3,1,4,1,0,5,4,5,0,0,1,0,1,0,4,6,3,4,1,0,6,4,6,1,0,4,3,4,1,0,7,4,7,0,6,7,2,6,225,0,0,90,110,55,0,30,Undergraduate degree (BA/BSc/other),4,"£50,000 - £59,999",No,United Kingdom,No,Full-Time,0,0,0,0,0,0,0,0,0,0,55000,0,0,55000
1064,613e495d5991ed54f860fe9d,0,45,0,0,0,,8,1,1.15736223257558,0.36642259174421,0.279272298321437,D,D,D,D,D,D,D,D,485,0,6,3,4,6,0,4,8,3,4,0,6,5,4,6,0,7,2,4,7,0,5,8,3,5,0,7,5,3,7,0,3,4,3,3,0,1,8,1,1,0,4,,,D,D,D,D,D,D,D,D,0,0,1,5,10,7,4,6,1,4,9,2.1,4,220,90,90,170,55,55,175,110,110,205,115,115,190,45,45,210,40,40,225,85,85,195,65,65,90,55,110,115,45,40,85,0,6,7,5,4,2,1,8,3,0,7,5,3,7,0,3,4,3,3,0,5,8,3,5,0,7,2,4,7,0,4,8,3,4,0,6,3,4,6,0,1,8,1,1,0,6,5,4,6,40,85,45,115,55,90,0,110,Doctorate degree (PhD/other),5,"£70,000 - £79,999",No,United Kingdom,No,Full-Time,0,0,75000,0,0,0,0,0,0,0,0,0,0,75000
802,613e7bf4ae5857b728674b91,1,20,0,0,1,,3.2,1,1.23191622547427,0.410672268936635,0.544416687713996,D,D,P,D,D,D,D,D,507,1,,3,2,3,0,4,8,3,4,0,6,6,3,6,1,,7,4,7,1,,8,2,8,0,5,5,2,5,1,,3,4,3,0,1,1,4,1,0,6,i don't know if I feel like the algorithm's interests always align with mine/some of the decisions were random,,D,D,P,P,D,D,P,P,0,0,0,2,5,6,5,9,2,4,2,5.2,1,220,90,220,170,55,55,175,110,110,205,115,115,190,45,190,210,40,210,225,85,85,195,65,65,0,55,110,0,190,210,85,65,6,7,5,8,4,2,1,3,0,5,5,2,5,1,0,3,4,3,1,0,8,2,8,0,1,1,4,1,1,0,7,4,7,0,4,8,3,4,1,0,3,2,3,0,6,6,3,6,210,85,190,65,0,55,0,110,High school diploma/A-levels,7,"More than £150,000",Yes,United Kingdom,Yes,Part-Time,0,0,0,0,0,0,0,0,0,175000,0,0,0,175000
1661,6140bf6523a8f20a2ea1e417,0,51,1,2,1,,2.76,1,1.11609035527273,0.859617089807447,0.610539678242151,D,D,P,D,D,D,D,D,647,0,5,3,1,5,1,,8,1,8,0,1,6,1,1,1,,7,4,7,1,,8,5,8,1,,5,1,5,1,,3,1,3,0,8,1,1,8,1,5,,,D,D,P,P,D,D,P,P,0,0,1,2,8,8,8,4,1,5,1,4.8,2,220,90,220,170,55,170,175,110,175,205,115,115,190,45,190,210,40,210,225,85,85,195,65,195,0,0,0,115,190,0,0,0,4,2,3,6,7,8,1,5,1,0,7,4,7,1,0,8,1,8,0,1,6,1,1,1,0,5,1,5,1,0,3,1,3,0,8,1,1,8,0,5,3,1,5,1,0,8,5,8,115,0,0,0,0,0,0,190,High school diploma/A-levels,6,"£60,000 - £69,999",No,United Kingdom,No,Full-Time,0,0,0,0,0,0,65000,0,0,0,0,0,0,65000
862,6141c297faed26f6c7ecc230,1,26,4,3,2,,4,1,0.474369774533269,1.67142904966044,0.492215675178406,D,D,P,P,D,D,P,D,363,1,,3,3,3,0,4,8,3,4,0,1,6,3,1,0,1,7,3,1,1,,8,3,8,0,4,5,3,4,1,,3,4,3,1,,8,2,8,0,"2,4,5",,,D,D,P,P,D,D,P,D,0,0,1,7,1,3,6,9,8,4,6,4.5,3,220,90,220,170,55,55,175,110,175,205,115,115,190,45,190,210,40,40,225,85,85,195,65,195,0,0,175,105,190,40,85,0,3,1,2,6,4,7,5,8,0,1,6,3,1,1,0,3,3,3,0,4,8,3,4,0,4,5,3,4,0,1,7,3,1,1,0,3,4,3,1,0,8,3,8,1,0,8,2,8,175,0,0,40,105,85,190,0,High school diploma/A-levels,5,"£20,000 - £29,999",No,United Kingdom,No,Full-Time,25000,0,0,0,0,0,0,0,0,0,0,0,0,25000
1001,6142013d4dd8ae5ca2b4329b,0,49,1,0,0,,2.4,1,1.64141397449882,0.172443252256909,0.691490866879643,D,D,P,P,D,D,P,D,566,1,,3,1,3,0,6,8,5,6,0,6,6,5,6,0,5,7,5,5,0,3,8,5,3,0,2,5,5,2,0,5,3,5,5,0,1,8,3,1,0,"2,4,5",,"Enjoyable study, thanks.",D,D,P,P,D,D,P,D,0,0,0,8,6,1,9,10,2,2,6,3.3,4,220,90,220,170,55,55,175,110,110,205,115,115,190,45,40,210,40,35,225,85,85,195,65,65,0,55,110,115,40,35,75,0,8,6,2,1,5,3,7,4,0,1,8,3,1,0,2,5,5,2,0,6,8,5,6,1,0,3,1,3,0,3,8,5,3,0,6,6,5,6,0,5,3,5,5,0,5,7,5,5,0,35,55,0,40,110,75,115,Technical/community college,6,"£50,000 - £59,999",No,United Kingdom,No,Full-Time,0,0,0,0,0,0,0,0,0,0,55000,0,0,55000
1128,614ce29d78ae25eced10ede1,1,30,0,0,0,,2.8,1,1.35894963155943,0.252056163375986,0.552364763846558,D,D,P,D,D,D,D,D,425,0,4,3,4,4,0,8,8,3,8,0,6,6,5,6,0,1,7,5,1,0,5,8,5,5,0,7,5,4,7,0,3,3,5,3,0,1,1,4,1,0,"4,5",,,D,D,P,P,D,D,P,P,0,0,0,5,3,2,10,4,9,3,5,1.9,2,220,90,90,170,55,170,175,110,110,205,115,115,190,45,45,210,40,40,225,85,85,195,65,65,80,0,110,115,45,40,85,65,3,2,8,7,4,5,6,1,0,6,6,5,6,0,8,8,3,8,0,1,1,4,1,0,3,3,5,3,0,1,7,5,1,0,5,8,5,5,0,7,5,4,7,0,4,3,4,4,110,0,65,85,115,45,40,80,Undergraduate degree (BA/BSc/other),5,"£50,000 - £59,999",No,United Kingdom,No,Full-Time,0,0,0,0,0,0,0,0,0,0,55000,0,0,55000
1136,614d049504f75f232bf33847,1,28,0,0,0,,2.54,1,0.751568177829398,0.403846961986726,0.341720789022592,D,D,P,D,D,D,D,D,501,1,,3,1,3,0,4,8,5,4,0,6,6,5,6,0,3,2,5,3,0,5,8,5,5,0,7,5,5,7,0,3,4,5,3,0,1,8,5,1,0,2,,,D,D,P,D,D,D,D,D,0,0,0,1,2,4,3,3,10,10,4,2.7,3,220,90,220,170,55,55,175,110,110,205,115,110,190,45,45,210,40,40,225,85,85,195,65,65,0,55,110,0,45,40,85,65,4,1,5,7,3,8,2,6,0,3,2,5,3,1,0,3,1,3,0,5,8,5,5,0,3,4,5,3,0,6,6,5,6,0,1,8,5,1,0,4,8,5,4,0,7,5,5,7,0,0,45,85,110,65,55,40,Undergraduate degree (BA/BSc/other),5,"£40,000 - £49,999",No,United Kingdom,No,Full-Time,0,0,0,0,45000,0,0,0,0,0,0,0,0,45000
1187,614e4f5af7eba1c013541155,0,56,1,0,0,,2.76,1,1.22320956445764,0.291898174077812,0.196155296614915,D,D,D,D,D,D,D,D,533,1,,3,5,3,1,,8,1,8,0,2,5,3,2,0,1,2,3,1,0,3,8,4,3,1,,5,1,5,1,,4,1,4,1,,8,1,8,0,"2,5",,,D,D,D,D,D,D,D,D,0,1,0,10,10,5,1,6,8,1,2,1,4,220,90,220,170,55,170,175,110,110,205,115,115,190,45,40,210,40,210,225,85,225,195,65,195,220,0,0,0,40,0,0,0,8,1,2,6,7,3,5,4,1,0,8,1,8,1,0,3,5,3,1,0,8,1,8,1,0,5,1,5,1,0,4,1,4,0,2,5,3,2,0,3,8,4,3,0,1,2,3,1,0,220,0,0,0,0,40,0,Undergraduate degree (BA/BSc/other),4,"£50,000 - £59,999",No,United Kingdom,No,Full-Time,0,0,0,0,0,0,0,0,0,0,55000,0,0,55000
1075,6150792b260ce6cdd47941c9,0,52,2,0,0,,3.2,1,2.72999792053653,0.130116429332154,0.869576928450499,D,D,P,D,D,D,D,D,372,0,6,3,4,6,0,2,8,4,2,0,4,6,3,4,1,,2,1,2,0,5,8,4,5,0,2,5,4,2,0,3,4,4,3,0,1,8,4,1,0,"2,5",,,D,D,P,D,D,D,D,D,0,0,0,5,9,8,4,8,5,3,8,2.3,4,220,90,90,170,55,55,175,110,105,205,115,205,190,45,45,210,40,35,225,85,85,195,65,65,90,45,0,0,45,35,85,65,4,8,7,6,1,5,2,3,1,0,2,1,2,0,1,8,4,1,0,3,4,4,3,0,2,5,4,2,0,6,3,4,6,0,5,8,4,5,0,2,8,4,2,0,4,6,3,4,0,65,85,35,90,45,45,0,Undergraduate degree (BA/BSc/other),7,"More than £150,000",No,United Kingdom,No,Full-Time,0,0,0,0,0,0,0,0,0,175000,0,0,0,175000
929,6152d3b2ebbcfd05ba744162,1,35,1,0,1,,5.6,1,1.13451996301132,0.194569813890041,0.391689759342748,D,D,P,D,D,D,D,D,567,1,,3,5,3,1,,8,5,8,1,,6,5,6,1,,7,5,7,1,,8,5,8,1,,5,5,5,1,,3,4,3,1,,1,5,1,1,2,,,D,D,P,P,D,D,P,P,0,0,0,3,2,5,3,4,7,5,3,2.3,1,220,90,220,170,55,170,175,110,110,205,115,115,190,45,190,210,40,210,225,85,85,195,65,65,220,0,0,0,190,0,0,65,3,5,4,2,6,8,1,7,1,0,6,5,6,1,0,8,5,8,1,0,7,5,7,1,0,8,5,8,1,0,5,5,5,1,0,1,5,1,1,0,3,5,3,1,0,3,4,3,0,190,0,0,0,65,220,0,Graduate degree (MA/MSc/MPhil/other),7,"£90,000 - £99,999",No,United Kingdom,Yes,Full-Time,0,0,0,0,0,0,0,0,95000,0,0,0,0,95000
808,6154b537a93b01369670a9f5,1,29,1,3,3, none,2.8,1,1.00913280035115,1.92721882829713,0.422178110727612,D,D,D,D,D,D,D,D,714,1,,3,1,3,1,,8,1,8,1,,6,1,6,1,,7,5,7,1,,8,5,8,1,,5,4,5,1,,3,4,3,1,,1,5,1,1,"2,5",,none,D,D,P,P,D,D,P,P,0,0,0,7,6,5,6,9,6,1,1,1,2,220,90,220,170,55,170,175,110,110,205,115,115,190,45,190,210,40,210,225,85,85,195,65,65,0,0,0,115,190,210,85,65,5,4,1,3,8,7,6,2,1,0,8,5,8,1,0,7,5,7,1,0,3,1,3,1,0,6,1,6,1,0,1,5,1,1,0,3,4,3,1,0,5,4,5,1,0,8,1,8,190,115,0,0,65,85,210,0,Undergraduate degree (BA/BSc/other),6,"£70,000 - £79,999",No,United Kingdom,No,Full-Time,0,0,75000,0,0,0,0,0,0,0,0,0,0,75000
882,615a170c6eca532c6f57e09c,1,38,0,0,0,,2.72,1,0.952876725484914,0.607050205384774,0.596834465028808,D,D,P,P,D,D,P,D,365,0,4,3,3,4,1,,8,2,8,0,6,6,4,6,1,,7,4,7,0,5,8,3,5,0,4,5,3,4,0,3,3,4,3,1,,8,1,8,0,"1,2",,,D,D,P,P,D,D,P,D,0,0,0,6,3,6,7,6,6,3,6,3.2,3,220,90,90,170,55,170,175,110,110,205,115,115,190,45,45,210,40,40,225,85,85,195,65,195,0,0,110,115,45,0,85,0,6,8,7,1,4,5,3,2,0,4,5,3,4,1,0,8,1,8,0,3,3,4,3,0,4,3,3,4,1,0,7,4,7,0,5,8,3,5,0,6,6,4,6,1,0,8,2,8,0,0,85,0,115,45,110,0,Doctorate degree (PhD/other),6,"£80,000 - £89,999",Yes,United Kingdom,No,Part-Time,0,0,0,0,0,0,0,0,0,0,0,85000,0,85000
963,6166c2849af8d8e1858e3b14,0,33,2,1,1,,2.4,1,1.22015913499748,1.65931706371015,-0.409118084530701,D,D,D,D,D,D,D,D,435,0,4,3,5,4,1,,8,1,8,1,,5,1,5,1,,2,1,2,1,,8,1,8,0,7,5,4,7,0,3,4,5,3,0,7,8,5,7,0,2,,,D,D,D,D,D,D,D,D,0,0,1,9,3,10,2,3,8,9,1,2.8,4,220,90,90,170,55,170,175,110,175,205,115,205,190,45,190,210,40,40,225,85,85,195,65,65,90,0,0,0,0,40,85,65,3,2,5,4,8,6,7,1,1,0,5,1,5,1,0,8,1,8,1,0,8,1,8,1,0,2,1,2,0,7,8,5,7,0,7,5,4,7,0,3,4,5,3,0,4,3,5,4,0,0,0,0,65,40,85,90,Undergraduate degree (BA/BSc/other),6,"£40,000 - £49,999",Yes,United Kingdom,No,Full-Time,0,0,0,0,45000,0,0,0,0,0,0,0,0,45000
937,61671a9d42eb53946faa44c2,0,42,2,1,3,,2.8,1,1.24555371763258,0.275250088301031,0.55304069099666,D,D,P,P,D,D,D,D,478,0,2,3,3,2,0,6,8,3,6,1,,6,4,6,0,4,7,3,4,0,3,8,3,3,1,,5,1,5,0,3,3,3,3,0,3,1,2,3,0,5,,,D,D,P,P,D,D,P,P,0,0,0,2,2,8,1,6,9,2,8,2.3,1,220,90,85,170,55,55,175,110,110,205,115,205,190,45,40,210,40,210,225,85,85,195,65,65,85,55,0,0,40,0,85,65,4,7,2,3,1,8,5,6,0,4,7,3,4,0,3,3,3,3,0,6,8,3,6,1,0,6,4,6,0,2,3,3,2,0,3,1,2,3,0,3,8,3,3,1,0,5,1,5,0,85,55,0,85,65,40,0,Undergraduate degree (BA/BSc/other),5,"£40,000 - £49,999",No,United Kingdom,No,Full-Time,0,0,0,0,45000,0,0,0,0,0,0,0,0,45000
1825,61698a8779cd6c1922b2a204,1,52,0,1,0,Nothing further to add.. Thank you for the opportunity.,2.24,1,0.9803256591871,0.983533392076873,0.635486884100809,D,D,P,D,D,D,D,D,754,1,,3,1,3,0,3,8,1,3,0,2,6,5,2,1,,7,1,7,1,,8,1,8,1,,5,1,5,0,5,3,3,5,1,,1,4,1,1,"1,2,4,5",,"Nothing further to add, thanks for allowing me to participate.",D,D,P,P,D,D,P,P,0,0,0,7,6,10,5,6,10,4,4,1,2,220,90,220,170,55,165,175,110,110,205,115,115,190,45,190,210,40,210,225,85,85,195,65,65,0,0,100,0,0,0,75,65,8,3,6,2,1,5,4,7,1,0,1,4,1,0,2,6,5,2,1,0,5,1,5,0,3,8,1,3,1,0,3,1,3,1,0,8,1,8,1,0,7,1,7,0,5,3,3,5,65,100,0,0,0,0,0,75,Secondary education (e.g. GED/GCSE),5,"£16,000 - £19,999",No,United Kingdom,No,Part-Time,0,0,0,0,0,17500,0,0,0,0,0,0,0,17500
1054,61732398300543fd6936d9f5,1,31,0,0,1,,4,1,1.79387218508668,0.334023855579636,0.379293233278411,D,D,D,D,D,D,D,D,536,0,6,3,5,6,0,4,8,4,4,0,6,5,5,6,0,7,2,5,7,0,5,8,4,5,0,7,5,5,7,0,3,4,5,3,0,1,8,4,1,0,"4,5",,,D,D,D,D,D,D,D,D,0,0,0,10,5,8,10,8,10,10,3,1,3,220,90,90,170,55,55,175,110,110,205,115,115,190,45,45,210,40,40,225,85,85,195,65,65,90,55,0,115,45,40,85,65,1,8,4,6,7,3,5,2,0,6,3,5,6,0,1,8,4,1,0,7,2,5,7,0,7,5,5,7,0,3,4,5,3,0,6,5,5,6,0,5,8,4,5,0,4,8,4,4,90,65,115,40,85,0,45,55,Undergraduate degree (BA/BSc/other),4,"£40,000 - £49,999",No,United Kingdom,No,Part-Time,0,0,0,0,45000,0,0,0,0,0,0,0,0,45000
1771,61fa936e5719bc09cb834cbe,1,28,2,0,0,,2.34,1,1.15149428812443,1.12523657758466,0.401706819329014,D,D,D,D,D,D,D,D,753,0,4,3,5,4,0,1,8,5,1,0,3,5,2,3,0,7,2,5,7,0,5,8,2,5,0,1,5,2,1,0,3,4,5,3,0,1,8,4,1,0,4,,,D,D,D,D,D,D,D,D,0,0,0,7,1,2,7,9,9,4,2,2.7,4,220,90,90,170,55,170,175,110,170,205,115,115,190,45,45,210,40,205,225,85,85,195,65,65,85,160,0,115,0,0,85,65,8,1,2,7,4,5,6,3,0,1,8,4,1,0,4,3,5,4,0,1,8,5,1,0,3,4,5,3,0,7,2,5,7,0,5,8,2,5,0,1,5,2,1,0,3,5,2,3,65,85,160,85,115,0,0,0,Undergraduate degree (BA/BSc/other),6,"£30,000 - £39,999",No,United Kingdom,No,Full-Time,0,35000,0,0,0,0,0,0,0,0,0,0,0,35000
2159,6228bb4a2d9521a055debb4a,0,59,0,0,0,Interesting study enjoyed part 1 looking forward to part 2 later this week. Best wishes with your research,4,1,0.993120344415869,0.577951052880177,0.633511010275781,D,D,P,P,D,D,P,P,877,1,,3,3,3,1,,8,3,8,1,,6,4,6,1,,7,4,7,1,,8,3,8,1,,5,2,5,1,,3,4,3,1,,1,5,1,1,2,,Enjoyed taking part,D,D,P,P,D,D,P,P,0,0,0,6,7,4,3,4,5,7,1,3.2,1,220,90,220,170,55,170,175,110,110,205,115,115,190,45,190,210,40,210,225,85,85,195,65,65,0,170,110,0,190,0,0,65,4,3,2,1,7,6,5,8,1,0,7,4,7,1,0,6,4,6,1,0,8,3,8,1,0,3,3,3,1,0,3,4,3,1,0,5,2,5,1,0,8,3,8,1,0,1,5,1,0,110,170,0,0,0,190,65,Graduate degree (MA/MSc/MPhil/other),8,"£70,000 - £79,999",No,United Kingdom,No,Part-Time,0,0,75000,0,0,0,0,0,0,0,0,0,0,75000
2615,62347ee217c402f4acae35d0,0,58,0,0,1,,8,1,1.63074904962379,0.501947705062819,0.36803767128037,D,D,D,D,D,D,D,D,908,1,,3,1,3,0,6,8,1,6,1,,6,1,6,1,,7,5,7,0,1,8,1,1,1,,5,1,5,0,1,3,4,1,1,,1,5,1,0,"2,5",,,D,D,P,P,D,D,P,P,0,0,0,1,1,5,9,7,10,4,10,1,2,220,90,220,170,55,55,175,110,110,205,115,115,190,45,45,210,40,210,225,85,80,195,65,65,0,0,0,115,0,0,80,65,3,6,2,7,5,4,1,8,1,0,6,1,6,1,0,5,1,5,0,6,8,1,6,0,1,3,4,1,0,1,8,1,1,1,0,7,5,7,1,0,3,1,3,1,0,1,5,1,0,0,0,80,0,115,0,65,Secondary education (e.g. GED/GCSE),4,"£20,000 - £29,999",No,United Kingdom,No,Full-Time,25000,0,0,0,0,0,0,0,0,0,0,0,0,25000
1463,6269c1216bc57860c0a02ac3,1,51,1,0,0,,3.18,1,2.22697025396585,0.17450451610011,0.36854832882205,D,D,D,D,D,D,D,D,547,0,2,3,4,2,0,5,8,2,5,0,6,5,4,6,0,2,2,2,2,1,,8,1,8,0,7,5,4,7,1,,4,1,4,0,1,8,4,1,0,"4,5",,,D,D,D,D,D,D,D,D,0,0,0,7,5,10,8,6,7,3,6,1,3,220,90,85,170,55,170,175,110,110,205,115,205,190,45,190,210,40,40,225,85,225,195,65,65,85,0,110,0,0,40,225,0,2,6,4,8,3,1,7,5,0,5,8,2,5,0,7,5,4,7,0,2,2,2,2,0,1,8,4,1,0,6,5,4,6,0,2,3,4,2,1,0,4,1,4,1,0,8,1,8,0,40,0,0,110,85,225,0,High school diploma/A-levels,6,"£30,000 - £39,999",No,United Kingdom,No,Full-Time,0,35000,0,0,0,0,0,0,0,0,0,0,0,35000
3360,6286635aaf3636f6f3127eb9,1,46,0,0,1,,3.6,1,10.3188071442761,0.00344236039139349,2.86311313098541,D,D,P,D,D,D,D,D,641,1,,3,1,3,1,,8,1,8,1,,6,1,6,1,,2,3,2,1,,8,3,8,1,,5,1,5,1,,4,1,4,1,,8,1,8,0,2,,,D,D,P,D,D,D,D,D,1,1,2,6,9,3,7,4,3,9,3,1,4,220,90,220,170,55,170,175,110,110,205,115,205,190,45,190,210,40,210,225,85,225,195,65,195,0,0,0,205,190,0,0,0,3,8,1,4,7,2,6,5,1,0,6,1,6,1,0,8,1,8,1,0,3,1,3,1,0,2,3,2,1,0,4,1,4,1,0,8,1,8,1,0,5,1,5,1,0,8,3,8,0,0,0,205,0,0,0,190,Undergraduate degree (BA/BSc/other),7,"£70,000 - £79,999",No,United Kingdom,No,Full-Time,0,0,75000,0,0,0,0,0,0,0,0,0,0,75000
736,6298afc6ccdc1efa000996b0,0,29,2,5,5,,2,1,16.1821946950583,0.00933602105677323,2.58130438004866,D,D,D,D,D,D,D,D,385,1,,3,5,3,0,6,8,5,6,0,2,6,5,2,1,,7,5,7,0,5,8,5,5,1,,5,3,5,0,3,3,5,3,1,,1,5,1,1,5,,,D,D,P,P,D,D,P,P,1,0,0,7,4,8,9,10,1,2,9,1,1,220,90,220,170,55,55,175,110,110,205,115,115,190,45,45,210,40,210,225,85,85,195,65,65,0,0,0,115,45,0,85,0,6,1,5,7,4,8,3,2,1,0,5,3,5,1,0,3,5,3,0,5,8,5,5,0,3,3,5,3,1,0,7,5,7,1,0,1,5,1,0,2,6,5,2,0,6,8,5,6,0,0,45,85,115,0,0,0,High school diploma/A-levels,4,"£30,000 - £39,999",No,United Kingdom,No,Full-Time,0,35000,0,0,0,0,0,0,0,0,0,0,0,35000
787,629e10bc2c72cfafd3b0aa30,1,22,0,0,0,,2.32,1,0.951061214928413,0.528789079145747,0.453956059401027,D,D,P,D,D,D,D,D,382,1,,3,1,3,0,4,8,4,4,0,2,6,4,2,0,7,7,2,7,1,,8,1,8,0,7,5,1,7,0,3,3,4,3,1,,1,4,1,0,"2,5",,,D,D,P,P,D,D,P,P,0,0,1,8,7,10,5,2,6,9,7,3,2,220,90,220,170,55,55,175,110,110,205,115,115,190,45,190,210,40,40,225,85,85,195,65,65,0,55,100,0,0,0,85,65,8,2,1,3,7,4,6,5,1,0,1,4,1,0,4,8,4,4,1,0,3,1,3,0,2,6,4,2,0,3,3,4,3,0,7,7,2,7,0,7,5,1,7,1,0,8,1,8,65,55,0,100,85,0,0,0,Undergraduate degree (BA/BSc/other),5,"£50,000 - £59,999",No,United Kingdom,No,Full-Time,0,0,0,0,0,0,0,0,0,0,55000,0,0,55000
840,629f2dccc6e91be06559e2f1,0,35,2,2,3,,4,1,0.602161714475039,1.67682499001395,0.466256988228823,D,D,P,D,D,D,D,D,347,0,2,3,4,2,0,3,8,3,3,0,2,6,4,2,0,1,2,2,1,0,5,8,3,5,1,,5,2,5,0,3,4,4,3,0,1,8,2,1,0,"2,4",,,D,D,P,D,D,D,D,D,1,0,0,6,9,4,3,2,7,3,1,2.3,3,220,90,85,170,55,165,175,110,110,205,115,115,190,45,45,210,40,210,225,85,85,195,65,65,0,0,110,0,45,0,85,65,2,1,6,4,3,5,8,7,0,3,8,3,3,0,2,3,4,2,1,0,5,2,5,0,1,2,2,1,0,2,6,4,2,0,5,8,3,5,0,1,8,2,1,0,3,4,4,3,0,0,0,0,110,45,65,85,Graduate degree (MA/MSc/MPhil/other),7,"£100,000 - £149,999",No,United Kingdom,No,Full-Time,0,0,0,0,0,0,0,0,0,0,0,0,125000,125000
808,62a72693ad239d8873b2d0bc,0,35,2,0,0,,4.6,1,3.89723037409534,0.0212775050287507,1.45211431975296,D,D,P,P,D,D,P,D,438,0,3,3,2,3,0,2,8,4,2,0,2,6,5,2,0,7,7,1,7,0,1,8,4,1,0,7,5,4,7,0,3,3,5,3,0,3,8,5,3,0,"1,5",,,D,D,P,P,D,D,P,D,2,2,0,7,9,7,1,5,1,1,5,1,4,220,90,220,170,55,55,175,110,110,205,115,115,190,45,45,210,40,40,225,85,85,195,65,65,0,45,110,0,35,40,85,65,1,7,4,5,2,3,8,6,0,3,3,2,3,0,3,3,5,3,0,7,7,1,7,0,1,8,4,1,0,2,8,4,2,0,2,6,5,2,0,3,8,5,3,0,7,5,4,7,0,85,0,35,45,110,65,40,No formal qualifications,2,"£16,000 - £19,999",No,United Kingdom,No,Part-Time,0,0,0,0,0,17500,0,0,0,0,0,0,0,17500
1131,62b2113b283e52ffa5e1ae13,1,57,2,0,2,,4.4,1,2.2736031111451,0.0982641045274884,1.14017254258745,D,D,P,P,D,D,P,P,466,0,2,3,4,2,0,2,8,3,2,1,,6,5,6,1,,7,5,7,0,5,8,5,5,1,,5,5,5,1,,3,5,3,0,1,1,5,1,1,2,,,D,D,P,P,D,D,P,P,0,0,1,9,5,7,7,8,6,5,2,2.3,1,220,90,85,170,55,55,175,110,110,205,115,115,190,45,45,210,40,210,225,85,85,195,65,65,85,45,110,115,45,210,0,65,2,7,1,5,6,4,3,8,0,2,8,3,2,1,0,3,5,3,0,2,3,4,2,0,5,8,5,5,1,0,5,5,5,1,0,7,5,7,1,0,6,5,6,0,1,1,5,1,45,0,85,45,210,115,110,65,High school diploma/A-levels,3,"£40,000 - £49,999",Yes,United Kingdom,No,Part-Time,0,0,0,0,45000,0,0,0,0,0,0,0,0,45000
903,62b224142b613b1ffb985ed2,1,55,4,0,5,,4.4,1,0.98338635681639,0.353683032121013,0.230970866722682,D,D,D,D,D,D,D,D,626,1,,3,5,3,0,4,8,1,4,1,,6,1,6,0,7,7,5,7,0,3,8,4,3,0,7,5,4,7,0,1,3,4,1,1,,1,4,1,0,"4,5",,"Very interesting study, I prefer to select the option myself as it is more interesting than letting the computer do it for me.",D,D,P,P,D,D,P,P,0,0,0,10,1,5,10,8,4,2,3,1,2,220,90,220,170,55,55,175,110,110,205,115,115,190,45,40,210,40,40,225,85,80,195,65,65,220,0,0,115,40,40,80,65,5,1,8,2,3,4,7,6,0,3,8,4,3,1,0,3,5,3,1,0,1,4,1,0,4,8,1,4,1,0,6,1,6,0,7,7,5,7,0,1,3,4,1,0,7,5,4,7,40,220,65,0,0,115,80,40,Graduate degree (MA/MSc/MPhil/other),4,"£60,000 - £69,999",No,United Kingdom,No,Full-Time,0,0,0,0,0,0,65000,0,0,0,0,0,0,65000
755,62b4388226967b3994d79da1,0,44,2,0,0,,2.88,1,1.46758491355105,0.132387925699735,0.0691285018869496,D,D,D,D,D,D,D,D,444,1,,3,5,3,1,,8,5,8,1,,5,5,5,1,,2,5,2,1,,8,5,8,1,,5,5,5,1,,4,5,4,1,,8,5,8,1,2,,,D,D,D,D,D,D,D,D,0,0,0,1,8,3,4,9,9,5,3,1,3,220,90,220,170,55,170,175,110,175,205,115,205,190,45,190,210,40,210,225,85,225,195,65,195,0,0,175,0,190,0,0,0,7,1,4,2,6,5,3,8,1,0,4,5,4,1,0,3,5,3,1,0,2,5,2,1,0,8,5,8,1,0,5,5,5,1,0,8,5,8,1,0,5,5,5,1,0,8,5,8,0,0,0,0,0,190,175,0,High school diploma/A-levels,5,"£50,000 - £59,999",No,United Kingdom,No,Full-Time,0,0,0,0,0,0,0,0,0,0,55000,0,0,55000
2242,62cebb481d8dff18f66ef320,0,37,1,0,0,,3.8,1,3.13355940754724,0.093718454747181,0.311134818713203,D,D,D,D,D,D,D,D,616,1,,3,1,3,0,,8,,8,0,2,5,1,2,1,,2,1,2,1,,8,1,8,0,2,5,2,2,0,3,4,3,3,1,,8,1,8,0,2,,,D,D,D,D,D,D,D,D,0,0,0,8,9,5,6,2,1,10,10,1.7,4,220,90,220,170,55,170,175,110,110,205,115,205,190,45,190,210,40,35,225,85,85,195,65,195,0,0,0,0,0,35,85,0,1,3,4,7,6,8,5,2,1,0,3,1,3,0,2,5,1,2,1,0,2,1,2,0,3,4,3,3,0,2,5,2,2,1,0,8,1,8,1,0,8,1,8,0,0,8,0,8,0,0,0,85,35,0,0,0,Undergraduate degree (BA/BSc/other),5,"£90,000 - £99,999",Yes,United Kingdom,No,Full-Time,0,0,0,0,0,0,0,0,95000,0,0,0,0,95000
962,62d2b86ed12d650ea7268dd7,0,44,0,0,0,,3.36,1,1.71812198274151,0.579250377843061,0.605872486265971,D,D,D,D,D,D,D,D,444,1,,3,5,3,1,,8,5,8,1,,6,5,6,1,,7,5,7,1,,8,5,8,1,,5,5,5,1,,3,5,3,1,,1,5,1,1,2,,,D,D,P,P,D,D,P,P,0,0,0,2,6,4,5,6,10,2,1,1,1,220,90,220,170,55,170,175,110,110,205,115,115,190,45,190,210,40,210,225,85,85,195,65,65,0,0,110,0,0,0,85,65,1,3,8,5,4,2,6,7,1,0,3,5,3,1,0,6,5,6,1,0,1,5,1,1,0,8,5,8,1,0,7,5,7,1,0,8,5,8,1,0,5,5,5,1,0,3,5,3,0,110,65,0,0,0,0,85,High school diploma/A-levels,5,"£20,000 - £29,999",No,United Kingdom,No,Full-Time,25000,0,0,0,0,0,0,0,0,0,0,0,0,25000
601,62d2c9d825a0449c13aa42cc,0,29,1,0,0,There were no technical difficulties during this study and everything ran smoothly,3.82,1,0.970594959408547,0.766227133029041,0.525214396313972,D,D,P,D,D,D,D,D,360,0,4,3,5,4,0,3,8,5,3,0,2,6,5,2,0,4,7,1,4,0,8,8,1,8,0,7,5,5,7,0,5,3,5,5,0,7,1,4,7,0,5,,I enjoyed this study,D,D,P,P,D,D,P,P,0,0,0,10,4,10,6,5,10,10,7,1,2,220,90,90,170,55,165,175,110,110,205,115,205,190,45,190,210,40,40,225,85,85,195,65,65,85,165,100,0,0,40,85,55,6,3,7,1,2,4,5,8,0,7,5,5,7,0,2,6,5,2,0,5,3,5,5,0,4,3,5,4,0,3,8,5,3,0,4,7,1,4,0,8,8,1,8,0,7,1,4,7,40,100,85,85,165,0,0,55,Technical/community college,6,"£20,000 - £29,999",No,United Kingdom,Yes,Part-Time,25000,0,0,0,0,0,0,0,0,0,0,0,0,25000
763,62d5a6bd844e190019414266,0,26,0,0,0,,2.76,1,1.11567500099221,0.305829794795607,0.441009483407766,D,D,P,D,D,D,D,D,405,0,6,3,3,6,1,,8,2,8,0,6,6,3,6,1,,2,2,2,0,5,8,3,5,1,,5,1,5,0,3,4,4,3,0,3,8,3,3,0,2,,,D,D,P,D,D,D,D,D,0,0,0,8,4,9,5,10,5,8,10,1,3,220,90,90,170,55,170,175,110,110,205,115,205,190,45,45,210,40,210,225,85,85,195,65,65,0,170,110,205,45,0,85,0,7,3,6,5,1,2,8,4,0,3,4,4,3,0,6,6,3,6,1,0,5,1,5,0,5,8,3,5,0,6,3,3,6,1,0,8,2,8,0,3,8,3,3,1,0,2,2,2,85,110,0,45,0,170,0,205,Undergraduate degree (BA/BSc/other),6,"More than £150,000",No,United Kingdom,No,Full-Time,0,0,0,0,0,0,0,0,0,175000,0,0,0,175000
1403,62d6e100609ad53fa5d91e8b,1,38,0,2,0,,2.42,1,0.726698501989965,0.676032038303503,-0.0466280213782778,D,D,D,D,D,D,D,D,460,0,6,3,5,6,0,3,8,5,3,0,2,5,5,2,0,7,2,5,7,1,,8,5,8,0,4,5,5,4,0,3,4,5,3,0,1,8,5,1,0,5,,,D,D,D,D,D,D,D,D,0,0,0,7,1,3,3,5,3,2,3,4.3,4,220,90,90,170,55,165,175,110,110,205,115,115,190,45,190,210,40,40,225,85,85,195,65,65,90,165,0,0,0,0,85,65,2,6,5,7,8,4,1,3,0,3,8,5,3,0,4,5,5,4,1,0,8,5,8,0,3,4,5,3,0,1,8,5,1,0,7,2,5,7,0,6,3,5,6,0,2,5,5,2,165,0,0,85,65,0,90,0,Undergraduate degree (BA/BSc/other),5,"£30,000 - £39,999",No,United Kingdom,No,Full-Time,0,35000,0,0,0,0,0,0,0,0,0,0,0,35000
2165,62d9d80e83f48ce3dd34eed7,0,55,1,0,0,,2.8,1,1.24695757909622,0.463632980632659,0.864808741595461,D,D,P,P,D,D,P,P,626,0,6,3,4,6,1,,8,5,8,0,1,6,4,1,0,7,7,5,7,1,,8,4,8,0,5,5,4,5,0,7,3,5,7,0,1,1,5,1,0,"4,5",,,D,D,P,P,D,D,P,P,0,0,1,2,10,1,3,1,10,7,9,1,1,220,90,90,170,55,170,175,110,175,205,115,115,190,45,190,210,40,210,225,85,85,195,65,65,90,0,0,0,0,0,0,0,2,5,4,7,8,1,3,6,1,0,8,5,8,1,0,8,4,8,0,7,7,5,7,0,7,3,5,7,0,1,1,5,1,0,6,3,4,6,0,1,6,4,1,0,5,5,4,5,0,0,0,0,0,90,0,0,Undergraduate degree (BA/BSc/other),7,"£20,000 - £29,999",Yes,United Kingdom,No,"Not in paid work (e.g. homemaker', 'retired or disabled)",25000,0,0,0,0,0,0,0,0,0,0,0,0,25000
890,62de61fae2250a8fb855eae6,0,44,0,0,0,,2.4,1,1.02326570863812,0.532261385124936,0.263958610107208,D,D,D,D,D,D,D,D,548,1,,3,1,3,1,,8,1,8,1,,6,5,6,1,,7,5,7,1,,8,1,8,1,,5,1,5,0,3,3,4,3,1,,1,3,1,1,"2,5",,,D,D,P,P,D,D,P,P,0,0,0,6,9,9,2,6,9,8,7,2.3,2,220,90,220,170,55,170,175,110,110,205,115,115,190,45,190,210,40,210,225,85,85,195,65,65,0,0,110,115,0,0,85,65,3,1,4,7,8,5,6,2,1,0,6,5,6,1,0,3,1,3,1,0,7,5,7,0,3,3,4,3,1,0,1,3,1,1,0,8,1,8,1,0,5,1,5,1,0,8,1,8,110,0,115,85,65,0,0,0,Undergraduate degree (BA/BSc/other),5,"£40,000 - £49,999",No,United Kingdom,No,Full-Time,0,0,0,0,45000,0,0,0,0,0,0,0,0,45000
1471,62e1975d947d5f6bcb8113bd,1,49,2,1,1,,3.9,1,0.870080163424621,0.575173485797526,0.390552375442025,D,D,P,D,D,D,D,D,468,1,,3,2,3,1,,8,2,8,0,6,6,4,6,1,,2,2,2,0,5,8,4,5,0,7,5,4,7,0,6,4,1,6,0,7,8,4,7,0,5,,,D,D,P,D,D,D,D,D,0,0,0,2,2,9,8,3,5,7,8,1,3,220,90,220,170,55,170,175,110,110,205,115,205,190,45,45,210,40,40,225,85,220,195,65,65,0,0,110,0,45,40,220,65,7,1,6,2,8,4,5,3,0,6,4,1,6,1,0,3,2,3,0,7,5,4,7,1,0,8,2,8,0,7,8,4,7,1,0,2,2,2,0,5,8,4,5,0,6,6,4,6,220,0,40,0,65,0,45,110,Technical/community college,5,Rather not say,No,United Kingdom,No,Full-Time,0,0,0,0,0,0,0,0,0,0,0,0,0,0
2404,62e40abe71c1b7e395e9bf4a,0,39,3,5,0,No comments thus far.,2.36,1,0.981667807637142,0.896619499212428,0.978285991749837,D,D,P,P,P,D,P,P,399,0,6,3,3,6,0,2,8,3,2,0,2,6,3,2,0,3,7,2,3,0,5,5,3,5,0,7,5,2,7,0,3,3,3,3,0,1,1,3,1,0,"1,2,4,5",,,D,D,P,P,P,D,P,P,0,0,0,7,6,7,3,5,3,4,3,2.3,4,220,90,90,170,55,55,175,110,110,205,115,110,190,45,45,210,40,40,225,85,85,195,65,65,90,50,110,0,45,0,85,65,3,4,1,2,7,8,5,6,0,2,6,3,2,0,3,7,2,3,0,6,3,3,6,0,2,8,3,2,0,3,3,3,3,0,1,1,3,1,0,5,5,3,5,0,7,5,2,7,110,0,90,50,85,65,45,0,Graduate degree (MA/MSc/MPhil/other),5,"£100,000 - £149,999",Yes,United Kingdom,No,Full-Time,0,0,0,0,0,0,0,0,0,0,0,0,125000,125000
1464,62eac52811cc08638657fe8e,1,54,3,1,0,It was interesting as I'm risk averse!,2.4,1,1.43089720125791,0.277004518332999,0.502046311330008,D,D,D,D,D,D,D,D,539,0,6,3,3,6,1,,8,3,8,1,,6,4,6,0,7,7,4,7,1,,8,2,8,0,6,5,3,6,1,,3,5,3,0,1,1,4,1,0,5,,It was interesting,D,D,P,P,D,D,P,P,0,0,0,1,6,1,5,8,8,1,1,1,1,220,90,90,170,55,170,175,110,110,205,115,115,190,45,190,210,40,40,225,85,85,195,65,65,90,0,110,0,0,30,85,65,3,1,7,8,5,6,2,4,1,0,6,4,6,0,6,3,3,6,1,0,3,5,3,0,1,1,4,1,1,0,8,2,8,0,6,5,3,6,1,0,8,3,8,0,7,7,4,7,110,90,85,65,0,30,0,0,Undergraduate degree (BA/BSc/other),3,Rather not say,Yes,United Kingdom,No,Part-Time,0,0,0,0,0,0,0,0,0,0,0,0,0,0
1028,62f1603b3d6e908a942a98f5,1,46,0,0,0,,2.28,1,0.575081450369087,0.946231867816334,0.443427971656423,D,D,P,P,D,D,P,D,542,0,5,3,5,5,0,2,8,3,2,0,4,6,5,4,0,7,7,3,7,0,5,8,5,5,1,,5,2,5,0,1,3,5,1,0,1,1,5,1,0,6,I think the computer is less risk averse than me.,,D,D,P,P,D,D,P,P,0,0,0,10,1,1,3,2,4,8,10,1,2,220,90,220,170,55,55,175,110,105,205,115,115,190,45,45,210,40,210,225,85,80,195,65,65,210,0,105,0,45,0,80,65,6,2,7,1,5,8,3,4,1,0,5,2,5,0,2,8,3,2,0,1,3,5,1,0,5,3,5,5,0,5,8,5,5,0,1,1,5,1,0,4,6,5,4,0,7,7,3,7,0,0,80,210,45,65,105,0,Undergraduate degree (BA/BSc/other),4,"£10,000 - £15,999",No,United Kingdom,No,Part-Time,0,0,0,12500,0,0,0,0,0,0,0,0,0,12500
778,62fba8318f299a1f28a745d1,1,34,0,0,2,,3.4,1,1.00170936296547,0.67703014371017,0.338413336544858,D,D,D,D,D,D,D,D,463,1,,3,1,3,1,,8,3,8,1,,5,2,5,1,,2,1,2,1,,8,2,8,1,,5,3,5,1,,4,1,4,1,,8,1,8,1,5,,,D,D,D,D,D,D,D,D,0,0,0,8,1,10,1,2,3,5,10,1,3,220,90,220,170,55,170,175,110,175,205,115,205,190,45,190,210,40,210,225,85,225,195,65,195,0,170,0,0,0,0,0,0,8,3,1,5,4,6,7,2,1,0,8,1,8,1,0,5,2,5,1,0,3,1,3,1,0,8,2,8,1,0,2,1,2,1,0,5,3,5,1,0,4,1,4,1,0,8,3,8,0,0,0,0,0,0,0,170,Graduate degree (MA/MSc/MPhil/other),7,"£70,000 - £79,999",No,United Kingdom,Yes,Full-Time,0,0,75000,0,0,0,0,0,0,0,0,0,0,75000
1864,62fccb9647eb07d62e9b6baa,0,62,0,0,0,,3.6,1,1.4627066891613,0.46581160162955,0.387558361525841,D,D,D,D,D,D,D,D,753,1,,3,1,3,0,4,8,5,4,0,4,5,5,4,0,7,2,5,7,0,5,8,5,5,0,7,5,5,7,0,5,4,5,5,0,3,8,5,3,0,2,,,D,D,D,D,D,D,D,D,0,0,1,7,2,6,2,1,10,1,7,2.7,4,220,90,220,170,55,55,175,110,105,205,115,115,190,45,45,210,40,40,225,85,85,195,65,65,0,55,105,115,45,40,85,65,1,5,3,6,4,7,8,2,1,0,3,1,3,0,5,8,5,5,0,4,5,5,4,0,7,5,5,7,0,7,2,5,7,0,5,4,5,5,0,3,8,5,3,0,4,8,5,4,0,45,105,40,115,85,65,55,Secondary education (e.g. GED/GCSE),5,Rather not say,No,United Kingdom,No,Full-Time,0,0,0,0,0,0,0,0,0,0,0,0,0,0
667,62ff3d3ee03b44e79bb2d479,0,32,1,0,0,,6.4,1,1.75298864993723,0.469671048639118,0.712271613280368,D,D,P,D,D,D,D,D,441,1,,3,2,3,0,4,8,4,4,0,2,6,4,2,0,1,7,5,1,0,5,8,4,5,1,,5,3,5,1,,3,5,3,1,,1,5,1,0,5,,,D,D,P,P,D,D,P,P,0,0,0,5,4,4,1,2,2,3,6,5.2,1,220,90,220,170,55,55,175,110,110,205,115,115,190,45,45,210,40,210,225,85,85,195,65,65,0,0,110,0,45,210,85,0,7,8,5,4,1,3,2,6,1,0,3,5,3,1,0,1,5,1,0,5,8,4,5,0,1,7,5,1,1,0,3,2,3,0,2,6,4,2,0,4,8,4,4,1,0,5,3,5,85,0,45,0,0,110,0,210,High school diploma/A-levels,6,"£10,000 - £15,999",No,United Kingdom,No,Full-Time,0,0,0,12500,0,0,0,0,0,0,0,0,0,12500
1031,6317691462a2f2900d1856a8,1,26,1,1,0,,2.6,1,3.02030620702232,0.00324738749589543,1.48212447188936,D,D,P,P,D,D,P,P,619,0,6,3,5,6,1,,8,1,8,1,,6,1,6,0,7,7,1,7,1,,8,1,8,0,7,5,5,7,1,,3,5,3,1,,1,5,1,0,2,,,D,D,P,P,D,D,P,P,0,0,0,1,10,5,5,7,1,1,10,1,2,220,90,90,170,55,170,175,110,110,205,115,115,190,45,190,210,40,40,225,85,85,195,65,65,90,0,0,0,0,40,85,65,8,5,7,3,2,1,4,6,1,0,1,5,1,1,0,8,1,8,1,0,3,5,3,1,0,6,1,6,1,0,8,1,8,0,6,3,5,6,0,7,7,1,7,0,7,5,5,7,65,0,85,0,0,90,0,40,Graduate degree (MA/MSc/MPhil/other),4,"£40,000 - £49,999",No,United Kingdom,No,Full-Time,0,0,0,0,45000,0,0,0,0,0,0,0,0,45000
1404,63222311994c6e4c35bb2a55,0,54,4,2,7,Odds seemed to favour the Lottery choice,2.98,1,3.30351453149133,0.524274166654477,-0.03507995034321,D,D,D,D,D,D,D,D,709,0,2,3,5,2,0,6,8,4,6,0,6,5,5,6,0,7,2,4,7,1,,8,2,8,1,,5,3,5,1,,4,3,4,0,3,8,4,3,0,"2,5",,Very interesting study. Thank you,D,D,D,D,D,D,D,D,0,0,1,1,7,7,1,10,5,4,7,1,3,220,90,85,170,55,55,175,110,110,205,115,115,190,45,190,210,40,210,225,85,225,195,65,65,85,0,110,0,0,0,0,65,7,6,5,8,1,4,3,2,1,0,4,3,4,1,0,5,3,5,1,0,8,2,8,0,3,8,4,3,0,2,3,5,2,0,7,2,4,7,0,6,5,5,6,0,6,8,4,6,0,0,0,65,85,0,110,0,Undergraduate degree (BA/BSc/other),8,"£20,000 - £29,999",No,United Kingdom,No,Other,25000,0,0,0,0,0,0,0,0,0,0,0,0,25000
933,6329c13285c93cafdf51ed77,0,42,0,1,0,,3.6,1,1.09629277947279,1.01154969249318,0.425250642885693,D,D,D,D,D,D,D,D,399,0,2,3,4,2,1,,8,1,8,0,6,5,5,6,0,7,2,5,7,0,5,8,5,5,1,,5,1,5,0,3,4,3,3,0,7,8,2,7,0,2,,,D,D,D,D,D,D,D,D,0,0,0,7,10,1,6,3,5,7,6,3.3,4,220,90,85,170,55,170,175,110,110,205,115,115,190,45,45,210,40,210,225,85,85,195,65,65,85,0,110,115,45,0,0,0,6,2,5,8,1,3,4,7,1,0,5,1,5,1,0,8,1,8,0,5,8,5,5,0,7,8,2,7,0,2,3,4,2,0,6,5,5,6,0,7,2,5,7,0,3,4,3,3,0,0,45,0,85,110,115,0,Graduate degree (MA/MSc/MPhil/other),4,"£16,000 - £19,999",Yes,United Kingdom,No,Full-Time,0,0,0,0,0,17500,0,0,0,0,0,0,0,17500
1129,634691731241de3dd1b31664,0,45,1,0,0,,3.18,1,1.28562096461091,0.58745207339116,0.773737855255124,D,D,P,P,D,D,P,D,399,1,,3,3,3,1,,8,3,8,1,,6,5,6,1,,7,5,7,1,,8,3,8,1,,5,4,5,1,,3,5,3,1,,1,5,1,1,"2,5",,,D,D,P,P,D,D,P,P,0,0,0,10,4,1,4,10,8,10,7,5.4,1,220,90,220,170,55,170,175,110,110,205,115,115,190,45,190,210,40,210,225,85,85,195,65,65,220,170,110,115,0,0,85,65,3,8,5,4,2,7,6,1,1,0,6,5,6,1,0,1,5,1,1,0,8,3,8,1,0,7,5,7,1,0,8,3,8,1,0,3,5,3,1,0,5,4,5,1,0,3,3,3,110,65,0,115,170,85,0,220,Graduate degree (MA/MSc/MPhil/other),8,"£30,000 - £39,999",No,United Kingdom,No,Other,0,35000,0,0,0,0,0,0,0,0,0,0,0,35000
989,6346f314592ee4d8c3d84e57,0,42,4,5,7,,3.5,1,0.981727005027414,0.838362313442853,0.44369437257615,D,D,D,D,D,D,D,D,419,1,,3,2,3,1,,8,3,8,1,,6,5,6,0,7,7,3,7,0,3,8,4,3,0,7,5,4,7,1,,3,3,3,0,1,1,5,1,0,6,"I want to win something, not the highest amount so the algorithm isn't ideal in that regard. If the algorithm could go for the most likely win of any amount I would choose the computer",,D,D,P,P,D,D,P,P,0,0,0,9,2,6,5,5,5,7,10,3.2,2,220,90,220,170,55,170,175,110,110,205,115,115,190,45,40,210,40,40,225,85,85,195,65,65,0,0,110,0,40,40,0,65,3,7,2,1,8,4,5,6,1,0,6,5,6,1,0,3,3,3,1,0,8,3,8,1,0,3,2,3,0,1,1,5,1,0,7,7,3,7,0,3,8,4,3,0,7,5,4,7,110,0,0,0,65,0,40,40,Graduate degree (MA/MSc/MPhil/other),4,"£30,000 - £39,999",Yes,United Kingdom,No,Full-Time,0,35000,0,0,0,0,0,0,0,0,0,0,0,35000
926,634813a4c6504dfca1a5f58f,0,27,1,0,0,,2.64,1,1.29594096967637,0.717143535545607,0.634526155691594,D,D,P,D,D,D,D,D,640,0,2,3,4,2,1,,8,2,8,1,,6,3,6,0,5,2,4,5,0,5,8,2,5,0,4,5,4,4,1,,4,1,4,1,,8,1,8,0,2,,,D,D,P,D,D,D,D,D,0,0,0,10,2,2,2,7,3,3,6,1,3,220,90,85,170,55,170,175,110,110,205,115,115,190,45,45,210,40,40,225,85,225,195,65,195,85,0,110,115,0,0,225,0,7,4,6,1,8,5,2,3,1,0,4,1,4,0,5,2,4,5,0,4,5,4,4,0,2,3,4,2,1,0,8,1,8,0,5,8,2,5,1,0,8,2,8,1,0,6,3,6,225,115,0,85,0,0,0,110,Undergraduate degree (BA/BSc/other),4,"£40,000 - £49,999",No,United Kingdom,No,Full-Time,0,0,0,0,45000,0,0,0,0,0,0,0,0,45000
1093,6349846837c4eb9c40269ba7,0,29,1,0,0,,3.6,1,1.64978059589926,0.364005177753291,0.713737955353106,D,D,P,D,D,D,D,D,490,0,6,3,3,6,0,4,8,3,4,0,6,6,4,6,0,7,2,4,7,0,5,8,3,5,0,8,5,1,8,0,3,4,3,3,0,7,8,3,7,0,5,,,D,D,P,D,D,D,D,D,1,1,0,9,9,6,8,1,7,9,4,2.7,4,220,90,90,170,55,55,175,110,110,205,115,115,190,45,45,210,40,210,225,85,85,195,65,65,90,55,110,115,45,0,85,65,2,4,3,6,7,5,1,8,0,4,8,3,4,0,7,2,4,7,0,6,6,4,6,0,8,5,1,8,0,3,4,3,3,0,5,8,3,5,0,6,3,3,6,0,7,8,3,7,55,115,110,0,85,45,90,65,Undergraduate degree (BA/BSc/other),6,"£40,000 - £49,999",Yes,United Kingdom,No,Full-Time,0,0,0,0,45000,0,0,0,0,0,0,0,0,45000
1610,634d8e501da4391004381c88,0,42,1,0,2,,3.42,1,0.794506610611538,1.30681785549723,0.312291127940059,D,D,D,D,D,D,D,D,718,0,6,3,4,6,0,1,8,3,1,0,2,6,4,2,0,5,7,3,5,0,5,8,4,5,0,5,5,3,5,0,3,3,4,3,0,3,1,3,3,0,"1,2,5",,,D,D,P,P,D,D,P,P,0,0,0,3,3,8,6,7,10,2,5,1,1,220,90,90,170,55,170,175,110,110,205,115,115,190,45,45,210,40,210,225,85,85,195,65,65,90,0,0,115,0,0,85,65,4,5,6,7,3,2,8,1,0,5,7,3,5,0,5,8,4,5,0,5,5,3,5,0,3,3,4,3,0,2,6,4,2,0,1,8,3,1,0,3,1,3,3,0,6,3,4,6,115,0,0,85,0,0,65,90,Undergraduate degree (BA/BSc/other),4,"£60,000 - £69,999",No,United Kingdom,No,Full-Time,0,0,0,0,0,0,65000,0,0,0,0,0,0,65000
1572,6365467927cd39106badb888,1,36,1,0,0,,2.4,1,1.88168101484841,0.187758800024856,0.502975939680061,D,D,D,D,D,D,D,D,712,0,4,3,1,4,1,,8,1,8,1,,6,1,6,0,1,7,1,1,0,5,8,1,5,1,,5,1,5,1,,3,3,3,0,1,1,1,1,0,"1,2",,,D,D,P,P,D,D,P,P,0,0,0,8,2,3,3,8,7,7,6,1,2,220,90,90,170,55,170,175,110,110,205,115,115,190,45,45,210,40,210,225,85,85,195,65,65,0,0,0,0,45,0,0,0,7,4,2,8,3,1,6,5,1,0,3,3,3,0,1,7,1,1,1,0,8,1,8,0,1,1,1,1,1,0,6,1,6,0,4,3,1,4,1,0,5,1,5,0,5,8,1,5,0,0,0,0,0,0,0,45,Secondary education (e.g. GED/GCSE),5,"£10,000 - £15,999",No,United Kingdom,No,Part-Time,0,0,0,12500,0,0,0,0,0,0,0,0,0,12500
1099,63655c008926038bcc6308f2,0,39,0,0,0,,2.8,1,0.866492869310893,0.543123386192951,0.428779079052495,D,D,P,D,D,D,D,D,473,0,6,3,5,6,1,,8,2,8,1,,6,5,6,0,5,2,5,5,0,5,8,3,5,1,,5,3,5,1,,4,2,4,1,,8,1,8,1,6,"The computer tasks bigger risks than i would, in this scenario, where i have nothing to lose, it feels the better option",,D,D,P,D,D,D,D,D,0,0,0,7,1,3,6,3,8,8,10,4.4,3,220,90,90,170,55,170,175,110,110,205,115,115,190,45,45,210,40,210,225,85,225,195,65,195,90,170,0,115,45,0,0,0,2,8,1,7,5,4,3,6,1,0,8,2,8,1,0,8,1,8,0,6,3,5,6,1,0,4,2,4,0,5,8,3,5,0,5,2,5,5,1,0,6,5,6,1,0,5,3,5,170,0,90,0,45,115,0,0,Secondary education (e.g. GED/GCSE),6,"£30,000 - £39,999",No,United Kingdom,No,Full-Time,0,35000,0,0,0,0,0,0,0,0,0,0,0,35000
1226,63792c65e92e706fdb44c08a,1,52,0,0,0,,2,1,1.28250205423705,0.74762611199215,0.383110282375175,D,D,D,D,D,D,D,D,483,1,,3,3,3,0,8,8,4,8,0,6,5,4,6,0,7,2,4,7,1,,8,4,8,0,5,5,3,5,0,3,4,4,3,1,,8,3,8,0,2,,,D,D,D,D,D,D,D,D,2,2,0,6,2,6,9,5,8,10,6,3.3,3,220,90,220,170,55,170,175,110,110,205,115,115,190,45,190,210,40,210,225,85,85,195,65,195,0,0,110,115,0,0,85,0,3,4,7,1,8,2,6,5,0,6,5,4,6,0,7,2,4,7,0,3,4,4,3,1,0,3,3,3,1,0,8,3,8,0,8,8,4,8,0,5,5,3,5,1,0,8,4,8,110,115,85,0,0,0,0,0,Graduate degree (MA/MSc/MPhil/other),7,"£80,000 - £89,999",No,United Kingdom,No,Part-Time,0,0,0,0,0,0,0,0,0,0,0,85000,0,85000
952,637f86d14043aee189917962,0,41,1,0,0,,3.1,1,0.582534144622816,0.189004778794562,0.447687467407297,P,D,P,P,P,P,P,P,481,0,6,6,3,6,0,4,8,3,4,0,6,6,3,6,0,3,7,3,3,0,5,5,3,5,0,7,7,3,7,0,3,3,3,3,0,1,1,3,1,0,4,,,P,D,P,P,P,P,P,P,1,0,0,4,5,10,5,4,8,8,4,3.3,4,220,90,90,170,55,55,175,110,110,205,115,110,190,45,45,210,40,40,225,85,85,195,65,65,0,55,110,0,45,40,85,65,4,6,2,3,7,1,8,5,0,3,7,3,3,0,7,7,3,7,0,4,8,3,4,0,6,6,3,6,0,3,3,3,3,0,6,6,3,6,0,1,1,3,1,0,5,5,3,5,0,40,55,110,85,0,65,45,Undergraduate degree (BA/BSc/other),5,Rather not say,No,United Kingdom,Yes,Full-Time,0,0,0,0,0,0,0,0,0,0,0,0,0,0
1001,637fab3fa581db86219b9c57,0,36,0,0,0,,5.4,1,0.966995104653695,0.852564910202965,0.539227073375593,D,D,P,D,D,D,D,D,515,0,6,3,3,6,1,,8,2,8,1,,6,4,6,0,7,7,4,7,0,1,8,4,1,1,,5,2,5,1,,3,4,3,1,,1,4,1,1,"2,5",,good luck with your research!,D,D,P,P,D,D,P,P,0,0,0,2,4,9,2,9,4,3,2,3.2,1,220,90,90,170,55,170,175,110,110,205,115,115,190,45,45,210,40,210,225,85,85,195,65,65,90,170,110,115,0,0,85,65,7,5,8,4,3,2,6,1,1,0,3,4,3,0,1,8,4,1,1,0,1,4,1,0,7,7,4,7,1,0,6,4,6,1,0,8,2,8,1,0,5,2,5,0,6,3,3,6,85,0,65,115,110,170,0,90,Undergraduate degree (BA/BSc/other),3,"£20,000 - £29,999",Yes,United Kingdom,No,Full-Time,25000,0,0,0,0,0,0,0,0,0,0,0,0,25000
1036,637fc8f7ff4dc88182c681ed,0,39,2,0,2,,6.2,1,1.37021753915819,0.674399089410999,0.584022596579569,D,D,D,D,D,D,D,D,500,0,6,3,2,6,0,4,8,1,4,0,5,5,1,5,0,,2,,2,0,7,8,1,7,0,4,5,1,4,0,3,4,2,3,0,5,8,2,5,0,6,,,D,D,D,D,D,D,D,D,1,1,0,2,2,3,8,4,1,1,7,2.1,3,220,90,90,170,55,55,175,110,175,205,115,205,190,45,45,210,40,40,225,85,85,195,65,60,90,55,175,0,0,0,85,60,4,6,5,3,8,2,1,7,0,0,2,0,2,0,4,5,1,4,0,7,8,1,7,0,5,5,1,5,0,5,8,2,5,0,4,8,1,4,0,6,3,2,6,0,3,4,2,3,0,0,0,175,60,55,90,85,Undergraduate degree (BA/BSc/other),5,"£100,000 - £149,999",No,United Kingdom,No,Full-Time,0,0,0,0,0,0,0,0,0,0,0,0,125000,125000
2011,637ffd0ae752c8e33f91798b,0,33,2,0,2,,3.24,1,0.760897025053981,0.586804567023061,0.368806819035957,D,D,P,D,D,D,D,D,599,1,,3,2,3,0,4,8,3,4,0,6,6,3,6,0,6,7,1,6,1,,8,1,8,0,7,5,5,7,1,,3,4,3,0,1,1,4,1,0,4,,,D,D,P,P,D,D,P,P,0,0,0,8,4,8,1,3,4,1,2,2.7,2,220,90,220,170,55,55,175,110,110,205,115,205,190,45,190,210,40,40,225,85,85,195,65,65,0,0,0,0,0,40,85,65,1,7,5,4,3,2,8,6,1,0,3,2,3,1,0,3,4,3,1,0,8,1,8,0,6,7,1,6,0,6,6,3,6,0,4,8,3,4,0,1,1,4,1,0,7,5,5,7,0,85,0,0,0,0,65,40,Undergraduate degree (BA/BSc/other),3,"£60,000 - £69,999",Yes,United Kingdom,No,Full-Time,0,0,0,0,0,0,65000,0,0,0,0,0,0,65000
2270,6381ef78b1a4963aad7e8d52,1,58,3,2,2,,2.7,1,2.27374650000699,0.13621445386388,0.168936415419039,D,D,D,D,D,D,D,D,624,0,7,3,4,7,0,8,8,5,8,0,6,5,4,6,1,,2,3,2,0,4,8,4,4,1,,5,4,5,1,,4,5,4,1,,8,5,8,0,5,,,D,D,D,D,D,D,D,D,1,0,0,4,2,3,4,3,8,2,9,1,3,220,90,220,170,55,170,175,110,110,205,115,205,190,45,190,210,40,210,225,85,225,195,65,195,220,0,0,0,0,0,0,195,6,5,1,8,7,2,4,3,1,0,5,4,5,0,4,8,4,4,0,7,3,4,7,1,0,8,5,8,1,0,4,5,4,0,8,8,5,8,1,0,2,3,2,0,6,5,4,6,0,0,220,195,0,0,0,0,High school diploma/A-levels,4,"£40,000 - £49,999",No,United Kingdom,No,Part-Time,0,0,0,0,45000,0,0,0,0,0,0,0,0,45000
1161,6384e0fca81ec0f7e76d5227,0,36,1,1,0,"Good study, made me think about gambling to an extent",3.18,1,1.00566111220445,0.783065595054865,0.45459009120842,D,D,D,D,D,D,D,D,528,1,,3,1,3,0,8,8,1,8,0,4,5,4,4,0,7,2,4,7,0,4,8,2,4,0,5,5,1,5,0,3,4,4,3,0,1,8,4,1,0,"2,4",,Really enjoyed these studies - Happy to do more if it helps - Thank you,D,D,D,D,D,D,D,D,0,0,1,9,9,10,2,3,1,3,4,2.3,4,220,90,220,170,55,170,175,110,105,205,115,115,190,45,190,210,40,210,225,85,85,195,65,65,0,0,105,115,0,0,85,65,3,1,7,5,2,8,4,6,0,4,5,4,4,1,0,3,1,3,0,3,4,4,3,0,4,8,2,4,0,8,8,1,8,0,1,8,4,1,0,7,2,4,7,0,5,5,1,5,105,0,85,0,0,65,115,0,Undergraduate degree (BA/BSc/other),5,"£60,000 - £69,999",Yes,United Kingdom,No,Full-Time,0,0,0,0,0,0,65000,0,0,0,0,0,0,65000
1269,63874670685f244f8d4e93ff,1,56,2,0,0,,8,1,1.46615472890845,0.322738576364489,0.695601134318142,D,D,P,P,D,D,P,D,476,1,,3,3,3,0,2,8,3,2,1,,6,5,6,0,6,7,2,6,1,,8,2,8,1,,5,2,5,1,,3,5,3,1,,1,5,1,1,2,,,D,D,P,P,D,D,P,P,0,0,0,4,1,7,6,9,4,6,9,1,1,220,90,220,170,55,55,175,110,110,205,115,205,190,45,190,210,40,210,225,85,85,195,65,65,220,0,110,0,190,0,85,0,3,6,1,8,7,5,2,4,1,0,6,5,6,1,0,5,2,5,1,0,3,3,3,1,0,1,5,1,1,0,3,5,3,1,0,8,2,8,0,2,8,3,2,0,6,7,2,6,110,0,220,0,85,190,0,0,Doctorate degree (PhD/other),9,"£50,000 - £59,999",No,United Kingdom,No,Full-Time,0,0,0,0,0,0,0,0,0,0,55000,0,0,55000
1514,638df25c28a73c52e405ef95,1,58,1,0,0,I think I took more risks and chose more lottery options the later in the test it was. ,2,1,1.83471475186613,0.293415756326931,0.584030282111573,D,D,D,D,D,D,D,D,513,0,4,3,4,4,0,4,8,4,4,1,,6,5,6,1,,7,5,7,1,,8,1,8,0,7,5,4,7,0,1,3,1,1,0,2,1,1,2,0,5,,That was rather fun!,D,D,P,P,D,D,P,P,0,0,0,5,7,7,4,2,9,5,3,2.1,2,220,90,90,170,55,55,175,110,110,205,115,115,190,45,190,210,40,40,225,85,80,195,65,195,80,55,110,115,0,40,0,0,8,1,5,6,4,2,3,7,0,2,1,1,2,0,4,3,4,4,1,0,8,1,8,0,7,5,4,7,1,0,7,5,7,0,4,8,4,4,1,0,6,5,6,0,1,3,1,1,0,80,0,40,115,55,110,0,Undergraduate degree (BA/BSc/other),4,"£30,000 - £39,999",No,United Kingdom,No,Part-Time,0,35000,0,0,0,0,0,0,0,0,0,0,0,35000
726,63bc7fe62d69346a94c04b9e,0,20,0,0,1,,2.4,1,1.39346019732513,0.66829213591569,0.463481145327642,D,D,D,D,D,D,D,D,462,1,,3,5,3,1,,8,1,8,0,6,5,4,6,0,7,2,4,7,0,5,8,3,5,0,4,5,1,4,0,5,4,1,5,0,1,8,4,1,0,2,,N/A,D,D,D,D,D,D,D,D,0,0,1,3,10,10,2,2,1,5,7,5.4,4,220,90,220,170,55,170,175,110,110,205,115,115,190,45,45,210,40,40,225,85,85,195,65,65,220,0,110,115,45,0,0,65,6,2,1,8,3,5,7,4,0,4,5,1,4,1,0,8,1,8,1,0,3,5,3,0,1,8,4,1,0,6,5,4,6,0,5,8,3,5,0,5,4,1,5,0,7,2,4,7,0,0,220,65,110,45,0,115,Undergraduate degree (BA/BSc/other),5,"£30,000 - £39,999",Yes,United Kingdom,No,Full-Time,0,35000,0,0,0,0,0,0,0,0,0,0,0,35000
1668,63c58429db2b7daf0f67d60d,0,54,1,0,0,"An interesting study. Im not a gambling man really, but i preferred it when the odds are stacked in my  favour. But i noticed myself actually taking more risks to seek a higher reward. Thanks Graham",3.04,1,1.64773837195262,0.270066540342832,0.627864591247138,D,D,P,D,D,D,D,D,867,0,5,3,3,5,0,8,8,4,8,0,6,6,4,6,0,7,7,5,7,1,,8,2,8,1,,5,2,5,1,,3,5,3,0,5,1,5,5,0,4,,"Under pressure to choose the best selection with such a small amount of time. I dont like to rely on a computer to make decisions for me. If the computer dealt me a bad hand, i would regret not doing it myself. If i rely on myself, then i can only blame myself. Thank you Graham",D,D,P,P,D,D,P,P,1,0,0,4,5,3,9,5,3,9,6,1,1,220,90,220,170,55,170,175,110,110,205,115,115,190,45,190,210,40,210,225,85,85,195,65,60,220,0,0,115,0,0,85,0,1,6,3,8,5,4,2,7,0,5,3,3,5,1,0,5,2,5,0,6,6,4,6,0,5,1,5,5,1,0,8,2,8,0,7,7,5,7,0,8,8,4,8,1,0,3,5,3,220,0,0,0,0,115,0,85,High school diploma/A-levels,4,"£50,000 - £59,999",No,United Kingdom,No,Full-Time,0,0,0,0,0,0,0,0,0,0,55000,0,0,55000
1368,63ced9adadc38e1acc2b58b6,1,45,1,0,0,Interesting study made me think about probability ,2.36,1,0.911864619631857,0.622452603807275,0.678150898672636,D,D,P,P,D,D,P,P,636,1,,3,2,3,0,4,8,2,4,1,,6,3,6,1,,7,2,7,0,5,8,3,5,0,7,5,4,7,0,3,3,4,3,1,,1,3,1,0,5,,I enjoyed this study - I tried to use probability to help my decisions,D,D,P,P,D,D,P,P,1,0,0,9,8,3,3,7,9,1,6,2.7,2,220,90,220,170,55,55,175,110,110,205,115,115,190,45,45,210,40,40,225,85,85,195,65,65,0,0,0,0,0,40,85,0,3,1,8,6,5,4,7,2,1,0,6,3,6,1,0,3,2,3,1,0,1,3,1,0,7,5,4,7,0,5,8,3,5,1,0,7,2,7,0,3,3,4,3,0,4,8,2,4,0,0,0,40,0,0,85,0,Undergraduate degree (BA/BSc/other),6,"£20,000 - £29,999",No,United Kingdom,No,Full-Time,25000,0,0,0,0,0,0,0,0,0,0,0,0,25000
1180,63cffd3baa01359e9681b761,1,27,0,0,2,,2.08,1,1.05297465495975,0.605331592971181,0.46241006795444,D,D,D,D,D,D,D,D,358,1,,3,3,3,0,8,8,3,8,1,,5,3,5,1,,2,3,2,1,,8,3,8,0,5,5,3,5,1,,4,4,4,1,,8,3,8,1,5,,,D,D,D,D,D,D,D,D,0,0,0,6,9,10,1,8,4,6,4,1,3,220,90,220,170,55,170,175,110,175,205,115,205,190,45,190,210,40,210,225,85,225,195,65,195,0,0,0,0,0,0,0,195,2,7,8,1,4,3,6,5,0,8,8,3,8,1,0,4,4,4,1,0,8,3,8,1,0,3,3,3,1,0,2,3,2,1,0,5,3,5,0,5,5,3,5,1,0,8,3,8,0,0,195,0,0,0,0,0,Graduate degree (MA/MSc/MPhil/other),6,"£100,000 - £149,999",Yes,United Kingdom,No,Full-Time,0,0,0,0,0,0,0,0,0,0,0,0,125000,125000
926,63cffdbf780f8b199748645b,0,30,1,0,0,,4,1,1.31857947535477,1.08315430704508,0.7842555850047,D,D,P,D,D,D,D,D,445,1,,3,1,3,0,4,8,5,4,0,6,6,5,6,0,7,2,4,7,0,5,8,5,5,1,,5,3,5,1,,4,1,4,0,1,8,5,1,0,2,,,D,D,P,D,D,D,D,D,0,0,0,1,6,1,3,4,6,4,5,1,4,220,90,220,170,55,55,175,110,110,205,115,115,190,45,45,210,40,210,225,85,225,195,65,65,0,55,110,0,45,210,0,65,6,7,8,4,1,5,3,2,1,0,5,3,5,1,0,4,1,4,0,1,8,5,1,0,7,2,4,7,1,0,3,1,3,0,5,8,5,5,0,6,6,5,6,0,4,8,5,4,210,0,65,0,0,45,110,55,Undergraduate degree (BA/BSc/other),6,"£60,000 - £69,999",No,United Kingdom,No,Full-Time,0,0,0,0,0,0,65000,0,0,0,0,0,0,65000
1311,63d0082563f1ab8825b4e51a,0,26,0,0,0,,2.64,1,1.02029732142991,0.711100675813024,0.342846698554564,D,D,D,D,D,D,D,D,403,1,,3,5,3,1,,8,5,8,1,,6,5,6,1,,7,5,7,1,,8,4,8,1,,5,3,5,1,,3,5,3,1,,1,5,1,1,2,,,D,D,P,P,D,D,P,P,0,0,0,8,7,2,8,10,1,1,9,1,1,220,90,220,170,55,170,175,110,110,205,115,115,190,45,190,210,40,210,225,85,85,195,65,65,0,170,110,115,0,0,85,0,8,7,3,2,6,5,1,4,1,0,1,5,1,1,0,3,5,3,1,0,6,5,6,1,0,8,5,8,1,0,5,3,5,1,0,8,4,8,1,0,3,5,3,1,0,7,5,7,0,85,110,170,0,0,0,115,High school diploma/A-levels,5,"£16,000 - £19,999",No,United Kingdom,No,Part-Time,0,0,0,0,0,17500,0,0,0,0,0,0,0,17500
3902,63d13edbfc31f4ecf0122017,0,33,0,0,2,,3.48,1,0.757743238626771,0.56609016600455,0.350238390183407,D,D,P,D,D,D,D,D,4055,1,,3,5,3,1,,8,1,8,1,,6,1,6,0,7,7,4,7,0,5,8,2,5,1,,5,1,5,1,,3,5,3,1,,1,2,1,1,1,,,D,D,P,P,D,D,P,P,1,0,0,3,2,5,8,5,10,1,1,5.4,2,220,90,220,170,55,170,175,110,110,205,115,115,190,45,45,210,40,210,225,85,85,195,65,65,220,0,0,115,45,0,85,65,7,5,3,6,1,4,2,8,1,0,3,5,3,0,5,8,2,5,1,0,6,1,6,1,0,5,1,5,1,0,3,5,3,0,7,7,4,7,1,0,8,1,8,1,0,1,2,1,85,45,0,0,220,115,0,65,Undergraduate degree (BA/BSc/other),4,"£70,000 - £79,999",No,United Kingdom,No,Full-Time,0,0,75000,0,0,0,0,0,0,0,0,0,0,75000
1663,63d1404712c3f98874867c5c,0,26,1,1,0,Thank you!,4,1,0.546756828160551,0.997899393499669,0.42805776983061,D,D,P,P,D,D,P,D,551,1,,3,5,3,1,,8,5,8,1,,6,5,6,1,,7,5,7,1,,8,5,8,1,,5,5,5,1,,3,5,3,1,,8,5,8,1,6,Given that it is a lotterym the final outcome is arbitrary regardless.,Thank you!,D,D,P,P,D,D,P,D,1,0,0,9,4,9,9,2,7,4,9,1,3,220,90,220,170,55,170,175,110,110,205,115,115,190,45,190,210,40,210,225,85,85,195,65,195,0,170,110,115,0,0,85,195,7,4,3,8,5,1,2,6,1,0,3,5,3,1,0,7,5,7,1,0,6,5,6,1,0,8,5,8,1,0,8,5,8,1,0,3,5,3,1,0,8,5,8,1,0,5,5,5,85,115,110,195,0,0,170,0,Graduate degree (MA/MSc/MPhil/other),3,"£60,000 - £69,999",Yes,United Kingdom,No,Full-Time,0,0,0,0,0,0,65000,0,0,0,0,0,0,65000
1158,63d2b847b533b122bdeb1c7c,0,34,0,0,0,,3.04,1,1.51856521665394,0.260819904586993,0.217017839550305,D,D,D,D,D,D,D,D,530,0,2,3,4,2,0,2,8,3,2,0,2,5,5,2,0,1,2,5,1,1,,8,1,8,0,6,5,3,6,0,3,4,5,3,0,1,8,4,1,0,"2,5",,great no issues,D,D,D,D,D,D,D,D,0,0,0,1,6,9,4,1,7,4,4,1,4,220,90,85,170,55,55,175,110,110,205,115,115,190,45,190,210,40,40,225,85,85,195,65,65,85,50,105,115,0,40,85,65,5,6,8,1,2,7,4,3,1,0,8,1,8,0,6,5,3,6,0,1,8,4,1,0,2,3,4,2,0,2,8,3,2,0,3,4,5,3,0,1,2,5,1,0,2,5,5,2,0,40,65,85,50,85,115,105,Graduate degree (MA/MSc/MPhil/other),4,"£20,000 - £29,999",No,United Kingdom,No,Full-Time,25000,0,0,0,0,0,0,0,0,0,0,0,0,25000
933,63d3fb4fd3c313dca0920312,0,34,0,0,0,,2.94,1,1.24736745333658,0.23777783141772,0.4865942914759,D,D,P,D,D,D,D,D,506,0,6,3,5,6,0,4,8,4,4,1,,6,5,6,0,7,7,5,7,1,,8,1,8,1,,5,1,5,1,,3,5,3,1,,1,4,1,0,"2,5",,,D,D,P,P,D,D,P,P,0,0,0,6,1,2,3,4,1,7,4,1,1,220,90,90,170,55,55,175,110,110,205,115,115,190,45,190,210,40,210,225,85,85,195,65,65,0,0,110,0,190,0,0,65,4,3,2,5,1,8,7,6,0,7,7,5,7,1,0,6,5,6,0,4,8,4,4,1,0,8,1,8,0,6,3,5,6,1,0,1,4,1,1,0,3,5,3,1,0,5,1,5,0,110,0,190,0,65,0,0,Undergraduate degree (BA/BSc/other),4,"£60,000 - £69,999",No,United Kingdom,No,Full-Time,0,0,0,0,0,0,65000,0,0,0,0,0,0,65000
598,63d416bc58ca5094af85cf8a,1,25,0,0,0,,3.6,1,0.947003594377537,0.441278083126113,0.212270958120578,D,D,D,D,D,D,D,D,375,0,6,3,5,6,0,8,8,5,8,0,2,6,4,2,0,3,7,5,3,1,,8,1,8,1,,5,1,5,0,3,3,3,3,0,1,1,5,1,0,6,I prefer a chance of a lower value but a higher likely hood,,D,D,P,P,D,D,P,P,0,0,0,1,1,1,4,1,9,5,1,4.4,2,220,90,90,170,55,170,175,110,110,205,115,110,190,45,190,210,40,210,225,85,85,195,65,65,90,170,105,110,0,0,0,65,6,3,2,7,5,8,1,4,1,0,5,1,5,0,2,6,4,2,0,8,8,5,8,0,3,3,3,3,1,0,8,1,8,0,1,1,5,1,0,6,3,5,6,0,3,7,5,3,0,105,170,0,0,65,90,110,Graduate degree (MA/MSc/MPhil/other),7,"£50,000 - £59,999",No,United Kingdom,No,Full-Time,0,0,0,0,0,0,0,0,0,0,55000,0,0,55000
2212,63d42baf9594b69453f61e91,0,27,0,0,0,,7.6,1,0.971526838224915,0.07652513543355,0.0308177862588715,D,D,D,D,D,D,D,D,480,0,4,3,4,4,1,,8,1,8,0,6,5,4,6,0,7,2,5,7,0,5,8,5,5,0,7,5,5,7,0,3,4,5,3,0,1,8,5,1,0,"1,2,5",,,D,D,D,D,D,D,D,D,0,0,0,3,4,7,7,1,7,3,4,3.3,3,220,90,90,170,55,170,175,110,110,205,115,115,190,45,45,210,40,40,225,85,85,195,65,65,90,170,110,115,45,40,85,65,3,2,8,6,4,7,5,1,0,6,5,4,6,1,0,8,1,8,0,1,8,5,1,0,7,5,5,7,0,7,2,5,7,0,3,4,5,3,0,5,8,5,5,0,4,3,4,4,110,170,65,40,115,85,45,90,High school diploma/A-levels,4,"£40,000 - £49,999",No,United Kingdom,No,Full-Time,0,0,0,0,45000,0,0,0,0,0,0,0,0,45000
904,63d4cea1c14487fe4da949d7,0,42,0,0,0,,3.48,1,0.993393516583879,0.958735085603227,0.886904587245747,D,D,P,P,D,D,P,P,440,0,5,3,4,5,1,,8,5,8,1,,6,5,6,1,,7,4,7,0,4,8,3,4,1,,5,4,5,1,,3,5,3,1,,1,5,1,1,2,,,D,D,P,P,D,D,P,P,0,0,0,2,10,4,4,5,2,3,2,1,3,220,90,220,170,55,170,175,110,110,205,115,115,190,45,190,210,40,210,225,85,85,195,65,65,0,0,110,115,0,210,85,65,5,1,4,7,6,3,2,8,0,4,8,3,4,0,5,3,4,5,1,0,7,4,7,1,0,3,5,3,1,0,5,4,5,1,0,6,5,6,1,0,8,5,8,1,0,1,5,1,0,0,115,85,210,110,0,65,Graduate degree (MA/MSc/MPhil/other),8,"£50,000 - £59,999",No,United Kingdom,No,Full-Time,0,0,0,0,0,0,0,0,0,0,55000,0,0,55000
1347,63d52038bacd9968ad329bba,1,34,0,0,0,,2,1,0.688536399346599,0.942306303779447,0.46585832173148,D,D,P,P,D,D,D,D,725,0,6,3,5,6,1,,8,2,8,1,,6,5,6,1,,7,5,7,1,,8,1,8,1,,5,1,5,1,,3,5,3,1,,1,5,1,0,"2,6",The computer failed to select my favourite option a few times and chose my least favourite instead. I think I would be successful every time. If it had been successful every time in the previous task then I would trust it to continue.,,D,D,P,P,D,D,P,P,0,0,0,3,5,1,7,7,8,8,4,3.2,1,220,90,90,170,55,170,175,110,110,205,115,115,190,45,190,210,40,210,225,85,85,195,65,65,90,0,110,115,0,0,85,65,6,7,3,8,2,4,5,1,1,0,5,1,5,1,0,3,5,3,1,0,6,5,6,1,0,1,5,1,1,0,8,2,8,1,0,7,5,7,1,0,8,1,8,0,6,3,5,6,0,85,110,65,0,115,0,90,Graduate degree (MA/MSc/MPhil/other),4,"£16,000 - £19,999",No,United Kingdom,No,Full-Time,0,0,0,0,0,17500,0,0,0,0,0,0,0,17500
3326,63d5384e1162358d3233adf9,0,32,0,0,0,,2.92,1,0.763025113413532,0.394009681628002,0.265964690978587,D,D,D,D,D,D,D,D,744,0,4,3,3,4,0,6,8,3,6,0,,6,,6,0,7,7,1,7,0,5,8,2,5,0,7,5,3,7,0,3,3,3,3,0,7,1,3,7,0,"1,2,4",,Computer was useless to add unless they were programmed to know which odds paid better,D,D,P,P,D,D,P,P,0,0,0,10,3,1,5,8,9,1,4,2.7,2,220,90,90,170,55,55,175,110,110,205,115,115,190,45,45,210,40,40,225,85,85,195,65,65,85,55,110,0,45,40,85,65,2,6,4,3,7,8,1,5,0,6,8,3,6,0,7,5,3,7,0,7,7,1,7,0,0,6,0,6,0,3,3,3,3,0,7,1,3,7,0,4,3,3,4,0,5,8,2,5,55,40,0,110,85,65,85,45,Undergraduate degree (BA/BSc/other),3,"£30,000 - £39,999",Yes,United Kingdom,No,Full-Time,0,35000,0,0,0,0,0,0,0,0,0,0,0,35000
694,63d6a4eaa7fee901efd4892b,1,43,0,0,0,,3.82,1,1.37421636254459,0.70361678324286,0.374067521964499,D,D,D,D,D,D,D,D,480,0,2,3,5,2,1,,8,5,8,0,6,5,5,6,0,7,2,5,7,1,,8,1,8,0,7,5,5,7,0,7,4,5,7,0,3,8,5,3,0,5,,,D,D,D,D,D,D,D,D,0,0,0,10,3,8,4,10,1,1,3,2.7,3,220,90,85,170,55,170,175,110,110,205,115,115,190,45,190,210,40,40,225,85,85,195,65,65,85,0,0,115,0,40,85,65,2,6,5,3,4,8,1,7,1,0,8,5,8,0,7,5,5,7,1,0,8,1,8,0,6,5,5,6,0,7,2,5,7,0,3,8,5,3,0,2,3,5,2,0,7,4,5,7,0,40,0,0,115,65,85,85,Technical/community college,5,"£20,000 - £29,999",No,United Kingdom,No,Full-Time,25000,0,0,0,0,0,0,0,0,0,0,0,0,25000
506,63d79d991c2f3d7ea80aac4b,0,27,1,0,0,,4,1,1.05153487776069,0.415304607306694,0.702163446491963,D,D,P,P,D,D,P,P,353,1,,3,1,3,0,4,8,1,4,0,6,6,1,6,0,7,7,2,7,1,,8,5,8,0,2,5,5,2,1,,3,5,3,0,1,1,5,1,0,"1,2",,,D,D,P,P,D,D,P,P,0,0,0,9,4,5,1,4,9,9,4,4.8,4,220,90,220,170,55,55,175,110,110,205,115,115,190,45,190,210,40,35,225,85,85,195,65,65,0,0,0,0,190,35,85,65,5,7,1,6,2,8,4,3,1,0,8,5,8,1,0,3,5,3,1,0,3,1,3,0,2,5,5,2,0,4,8,1,4,0,1,1,5,1,0,7,7,2,7,0,6,6,1,6,190,85,0,35,0,65,0,0,Graduate degree (MA/MSc/MPhil/other),6,"£40,000 - £49,999",Yes,United Kingdom,No,Full-Time,0,0,0,0,45000,0,0,0,0,0,0,0,0,45000
1207,63d7b7e1dc8c7557238590dc,1,38,1,1,2,,3.12,1,1.16200960714781,0.538412929974647,0.692329578154637,D,D,P,P,D,D,P,D,414,0,6,3,5,6,0,4,8,4,4,1,,6,5,6,0,7,7,5,7,1,,8,1,8,1,,5,1,5,0,3,3,5,3,1,,1,5,1,0,2,,,D,D,P,P,D,D,P,P,0,0,1,10,5,1,10,5,7,3,8,2.7,1,220,90,90,170,55,55,175,110,110,205,115,115,190,45,190,210,40,210,225,85,85,195,65,65,90,55,110,115,0,0,85,65,7,6,1,8,2,3,4,5,0,3,3,5,3,1,0,5,1,5,0,6,3,5,6,1,0,1,5,1,0,4,8,4,4,1,0,6,5,6,0,7,7,5,7,1,0,8,1,8,85,0,90,65,55,110,115,0,High school diploma/A-levels,5,"£30,000 - £39,999",No,United Kingdom,No,Full-Time,0,35000,0,0,0,0,0,0,0,0,0,0,0,35000
681,63d7cc044d54f16580fa7005,0,47,0,0,0,,3.3,1,1.48770268794077,0.393641095790641,0.605972875851691,D,D,P,D,D,D,D,D,422,0,6,3,5,6,0,4,8,5,4,0,2,6,5,2,0,7,7,5,7,0,5,8,5,5,0,5,5,5,5,0,3,3,5,3,0,1,1,5,1,0,5,,,D,D,P,P,D,D,P,P,0,0,1,7,5,7,10,1,6,8,3,5.2,2,220,90,90,170,55,55,175,110,110,205,115,115,190,45,45,210,40,210,225,85,85,195,65,65,90,55,110,115,45,210,85,65,8,4,7,1,5,3,2,6,0,1,1,5,1,0,7,7,5,7,0,3,3,5,3,0,6,3,5,6,0,5,8,5,5,0,2,6,5,2,0,4,8,5,4,0,5,5,5,5,65,115,85,90,45,110,55,210,High school diploma/A-levels,5,"£20,000 - £29,999",Yes,United Kingdom,No,Part-Time,25000,0,0,0,0,0,0,0,0,0,0,0,0,25000
1644,63d8966cb1c8fda2f6006864,0,37,7,1,4,Surpisingly enjoyable.,2.6,1,0.739738015377578,0.441548388550424,0.576446238788223,P,D,P,P,P,D,P,P,974,1,,6,5,6,0,5,8,1,5,0,6,6,5,6,0,5,7,5,5,0,2,5,1,2,0,7,5,4,7,0,3,3,5,3,0,1,1,5,1,1,"2,5",,"It would have been interesting to see what the computer would have chosen on the tasks in which I decided to choose for myself, and perhaps have an option to switch, to see how many preferred the computers chose over their own.",P,D,P,P,P,D,P,P,0,0,0,8,10,7,5,4,8,8,1,4.7,3,220,90,90,170,55,170,175,110,110,205,115,115,190,45,185,210,40,40,225,85,85,195,65,65,0,0,110,0,185,40,85,65,2,8,6,5,7,1,4,3,0,5,8,1,5,0,1,1,5,1,0,7,5,4,7,0,2,5,1,2,0,3,3,5,3,1,0,6,5,6,0,5,7,5,5,0,6,6,5,6,0,65,40,185,85,0,0,110,Graduate degree (MA/MSc/MPhil/other),6,"£40,000 - £49,999",Yes,United Kingdom,No,Full-Time,0,0,0,0,45000,0,0,0,0,0,0,0,0,45000
1574,63dcf52406a122c6bdcd054c,0,54,0,0,0,"The final button on each table responded to the Enter key (I prefer to use keyboard navigation on the web), but the counter only incremented if you used Spacebar or clicked on the button - all seemed to work, just the counter was wrong.",4,1,1.30046115997972,0.722841727762827,0.72391113747041,D,D,P,D,D,D,D,D,487,1,,3,4,3,1,,8,1,8,1,,6,4,6,0,3,2,1,3,1,,8,1,8,0,7,5,1,7,1,,4,5,4,0,7,8,2,7,1,"2,5",,"Really interesting, thanks :)",D,D,P,D,D,D,D,D,0,0,0,4,5,2,1,6,6,3,1,1,4,220,90,220,170,55,170,175,110,110,205,115,110,190,45,190,210,40,40,225,85,225,195,65,65,220,0,110,0,0,0,225,65,3,7,2,8,5,4,6,1,1,0,6,4,6,1,0,4,5,4,1,0,8,1,8,0,7,8,2,7,1,0,8,1,8,0,3,2,1,3,0,7,5,1,7,1,0,3,4,3,110,225,0,65,0,0,0,220,Technical/community college,6,"Less than £10,000",Yes,United Kingdom,No,Part-Time,0,0,0,0,0,0,0,5000,0,0,0,0,0,5000
913,63e413ee2188feedff512183,0,33,1,0,0,,2.72,1,0.793187180882041,0.475965023068717,0.247883795128543,D,D,D,D,D,D,D,D,540,0,2,3,3,2,1,,8,1,8,0,6,6,5,6,1,,7,5,7,1,,8,1,8,0,7,5,4,7,1,,3,5,3,0,1,1,5,1,0,"2,5,6","I would rather maximise my chance to get some payout, while the computer seems to favour lotteries that have a lot of chances for 0 payout","Really interesting study, I thoroughly enjoyed it. Thank you, and all the best with the data!",D,D,P,P,D,D,P,P,0,0,0,7,1,3,8,6,3,3,3,2.7,1,220,90,85,170,55,170,175,110,110,205,115,115,190,45,190,210,40,40,225,85,85,195,65,65,85,170,0,115,0,0,85,65,4,5,2,8,3,6,7,1,1,0,7,5,7,1,0,8,1,8,1,0,8,1,8,0,1,1,5,1,0,6,6,5,6,0,7,5,4,7,1,0,3,5,3,0,2,3,3,2,115,0,170,65,0,0,85,85,Undergraduate degree (BA/BSc/other),6,"£30,000 - £39,999",Yes,United Kingdom,No,Full-Time,0,35000,0,0,0,0,0,0,0,0,0,0,0,35000
1267,63e542baa432ba0c9a3df24a,0,35,1,0,1,,2.76,1,7.18986975617602,0.0103138601070883,1.90147370495075,D,D,D,D,D,D,D,D,705,1,,3,5,3,1,,8,5,8,1,,6,5,6,1,,7,5,7,1,,8,3,8,1,,5,4,5,1,,3,3,3,1,,1,5,1,1,"2,6","Proof from the test, that the computer is not fixed, as my score was very good previously.","The choice is a good way to earn trust when choosing between human and computer, however, never having that initial choice would leave me skeptical of the computer's objectivity ",D,D,P,P,D,D,P,P,0,0,1,3,7,7,7,6,8,7,8,5.4,2,220,90,220,170,55,170,175,110,110,205,115,115,190,45,190,210,40,210,225,85,85,195,65,65,220,170,110,115,0,0,0,65,5,6,8,2,7,4,3,1,1,0,8,3,8,1,0,5,4,5,1,0,1,5,1,1,0,8,5,8,1,0,3,3,3,1,0,7,5,7,1,0,6,5,6,1,0,3,5,3,0,0,65,170,0,115,110,220,Undergraduate degree (BA/BSc/other),3,"£20,000 - £29,999",No,United Kingdom,No,Full-Time,25000,0,0,0,0,0,0,0,0,0,0,0,0,25000
1475,63e55ecaa002eb54284210e8,0,38,0,0,0,,3.76,1,0.207330412021378,2.5338824198907,2.53960687100417,P,P,P,P,P,P,P,P,516,0,6,6,5,6,0,4,4,5,4,0,6,6,5,6,0,7,7,5,7,0,5,5,5,5,1,,7,3,7,0,3,3,5,3,1,,1,5,1,0,5,,,P,P,P,P,P,P,P,P,0,0,0,10,6,3,8,5,9,1,10,2.7,3,220,90,90,170,55,55,175,110,110,205,115,115,190,45,45,210,40,40,225,85,85,195,65,65,90,55,0,115,45,40,85,65,3,8,5,7,4,6,1,2,0,6,6,5,6,1,0,1,5,1,0,5,5,5,5,0,3,3,5,3,0,7,7,5,7,1,0,7,3,7,0,6,6,5,6,0,4,4,5,4,0,65,45,85,115,40,90,55,Undergraduate degree (BA/BSc/other),5,"£20,000 - £29,999",No,United Kingdom,No,Full-Time,25000,0,0,0,0,0,0,0,0,0,0,0,0,25000
1001,63e5665b49cf3cdbd54ea57b,1,52,2,2,2,I've discovered I am happy to win a little just so I dont feel like I've lost out,3.6,1,1.83393265182928,0.312634776857956,0.386204553907067,D,D,D,D,D,D,D,D,513,0,4,3,5,4,0,4,8,4,4,0,4,5,5,4,0,7,2,5,7,0,5,8,5,5,1,,5,3,5,0,5,4,5,5,0,3,8,5,3,0,"1,2",,,D,D,D,D,D,D,D,D,0,0,0,8,4,9,7,5,7,7,1,1,3,220,90,90,170,55,55,175,110,105,205,115,115,190,45,45,210,40,210,225,85,85,195,65,65,0,0,105,115,45,0,0,65,7,1,5,4,6,8,2,3,0,5,4,5,5,0,4,3,5,4,0,5,8,5,5,0,7,2,5,7,1,0,5,3,5,0,3,8,5,3,0,4,8,4,4,0,4,5,5,4,0,0,45,115,0,65,0,105,Secondary education (e.g. GED/GCSE),7,"£70,000 - £79,999",No,United Kingdom,No,Full-Time,0,0,75000,0,0,0,0,0,0,0,0,0,0,75000
641,63ea88e62f54ec96a1f8dadb,0,38,1,0,0,,2.6,1,0.749494733610124,0.797528355345117,0.620741016251097,D,D,P,P,D,D,P,P,369,1,,3,1,3,1,,8,1,8,0,6,6,4,6,1,,7,5,7,1,,8,1,8,0,7,5,4,7,1,,3,4,3,1,,1,5,1,1,5,,,D,D,P,P,D,D,P,P,0,0,1,1,8,6,8,2,4,3,7,3.3,4,220,90,220,170,55,170,175,110,110,205,115,115,190,45,190,210,40,40,225,85,85,195,65,65,0,0,110,115,0,40,85,65,5,3,6,2,4,8,1,7,1,0,8,1,8,0,6,6,4,6,0,7,5,4,7,1,0,8,1,8,1,0,7,5,7,1,0,1,5,1,1,0,3,1,3,1,0,3,4,3,0,110,40,0,115,65,0,85,Graduate degree (MA/MSc/MPhil/other),8,"£80,000 - £89,999",No,United Kingdom,No,Full-Time,0,0,0,0,0,0,0,0,0,0,0,85000,0,85000
1133,63ea8c801706c69bb07cace9,0,27,1,0,0,,2.12,1,1.09018284713173,0.70582165944455,0.795977710576645,D,D,P,P,D,D,P,P,493,1,,3,3,3,1,,8,3,8,1,,6,5,6,1,,7,4,7,1,,8,3,8,1,,5,3,5,1,,3,4,3,1,,1,4,1,1,"2,5",,,D,D,P,P,D,D,P,P,0,0,0,7,10,10,3,5,4,1,1,2.7,1,220,90,220,170,55,170,175,110,110,205,115,115,190,45,190,210,40,210,225,85,85,195,65,65,0,0,110,0,0,0,85,65,8,7,1,3,5,4,6,2,1,0,1,4,1,1,0,3,4,3,1,0,3,3,3,1,0,6,5,6,1,0,8,3,8,1,0,7,4,7,1,0,5,3,5,1,0,8,3,8,65,85,0,110,0,0,0,0,Undergraduate degree (BA/BSc/other),6,"£50,000 - £59,999",No,United Kingdom,No,Full-Time,0,0,0,0,0,0,0,0,0,0,55000,0,0,55000
1820,63ef938aea545fb9bd19a591,0,52,0,1,2,Enjoyed it..,2,1,1.2834990948,0.388129826337693,0.391025698000906,D,D,D,D,D,D,D,D,782,0,6,3,5,6,0,4,8,5,4,0,2,6,5,2,0,7,7,5,7,0,1,8,4,1,0,3,5,1,3,0,1,3,5,1,0,3,1,2,3,0,5,,"Good fun, thanks...",D,D,P,P,D,D,P,P,0,0,0,3,2,7,10,2,9,9,10,1,2,220,90,90,170,55,55,175,110,110,205,115,115,190,45,45,210,40,210,225,85,80,195,65,65,90,55,110,115,45,0,80,0,7,8,6,5,3,1,2,4,0,1,3,5,1,0,3,1,2,3,0,3,5,1,3,0,1,8,4,1,0,2,6,5,2,0,6,3,5,6,0,4,8,5,4,0,7,7,5,7,80,0,0,45,110,90,55,115,Technical/community college,4,"£16,000 - £19,999",Yes,United Kingdom,No,Full-Time,0,0,0,0,0,17500,0,0,0,0,0,0,0,17500
1047,63fc9ac5b3caf86d29e7b736,0,48,0,0,0,,3.6,1,1.64265710311307,0.885793576185324,0.746980423983111,D,D,D,D,D,D,D,D,684,0,3,3,5,3,0,3,8,4,3,0,6,5,5,6,0,7,2,5,7,1,,8,2,8,1,,5,4,5,0,3,4,5,3,1,,8,2,8,1,5,,Computer ascertained I was more willing for a risk that I think I am. ,D,D,D,D,D,D,D,D,1,0,0,10,9,2,6,4,4,4,1,1,3,220,90,220,170,55,165,175,110,110,205,115,115,190,45,190,210,40,210,225,85,85,195,65,195,220,0,110,115,190,0,85,0,6,7,1,4,5,2,8,3,1,0,5,4,5,0,3,4,5,3,0,3,3,5,3,0,7,2,5,7,1,0,8,2,8,0,3,8,4,3,1,0,8,2,8,0,6,5,5,6,0,85,220,115,190,0,0,110,Graduate degree (MA/MSc/MPhil/other),5,"£80,000 - £89,999",No,United Kingdom,No,Full-Time,0,0,0,0,0,0,0,0,0,0,0,85000,0,85000
1009,63fcfd532173ce9f787ddb9f,0,54,1,0,0,,2.38,1,1.19817636807315,0.263778325154131,0.474224980233115,D,D,P,D,D,D,D,D,514,1,,3,1,3,0,4,8,5,4,0,6,6,5,6,1,,2,1,2,0,3,8,1,3,1,,5,1,5,1,,4,5,4,0,7,8,5,7,0,5,,,D,D,P,D,D,D,D,D,1,0,0,9,5,6,3,9,7,7,7,2.1,4,220,90,220,170,55,55,175,110,110,205,115,205,190,45,40,210,40,210,225,85,225,195,65,65,0,55,110,0,0,0,225,55,7,4,8,6,5,3,2,1,1,0,4,5,4,1,0,2,1,2,0,7,8,5,7,1,0,5,1,5,0,3,8,1,3,0,6,6,5,6,0,4,8,5,4,1,0,3,1,3,225,0,55,0,0,110,55,0,High school diploma/A-levels,6,"£20,000 - £29,999",No,United Kingdom,No,Full-Time,25000,0,0,0,0,0,0,0,0,0,0,0,0,25000
2951,63ffab18b5b1db350a46524e,1,48,2,0,0,,2.32,1,1.90641321601616,0.252776378112918,0.831967856505504,D,D,P,P,D,D,D,D,812,1,,3,5,3,0,4,8,4,4,1,,6,5,6,1,,7,5,7,0,8,8,4,8,1,,5,5,5,1,,3,5,3,1,,1,1,1,1,2,,none,D,D,P,P,D,D,P,P,0,0,0,4,8,6,1,10,3,1,5,2.3,1,220,90,220,170,55,55,175,110,110,205,115,115,190,45,190,210,40,210,225,85,85,195,65,65,220,0,110,0,0,0,85,65,6,1,8,5,2,7,3,4,1,0,5,5,5,1,0,3,5,3,1,0,1,1,1,0,8,8,4,8,0,4,8,4,4,1,0,3,5,3,1,0,6,5,6,1,0,7,5,7,0,220,65,0,0,85,110,0,Undergraduate degree (BA/BSc/other),6,"£40,000 - £49,999",No,United Kingdom,No,Part-Time,0,0,0,0,45000,0,0,0,0,0,0,0,0,45000
722,6400da269c4826958d604b68,1,33,0,2,0,,2.4,1,1.0095293703515,0.430696257362327,0.1513138327977,D,D,D,D,D,D,D,D,409,0,6,3,5,6,1,,8,1,8,1,,6,5,6,1,,7,4,7,0,5,8,4,5,1,,5,1,5,1,,3,3,3,0,1,1,5,1,0,1,,,D,D,P,P,D,D,P,P,0,0,1,1,5,4,2,4,8,7,3,3.3,2,220,90,90,170,55,170,175,110,110,205,115,115,190,45,45,210,40,210,225,85,85,195,65,65,90,0,110,115,45,0,0,65,7,3,6,4,2,1,5,8,1,0,3,3,3,1,0,6,5,6,1,0,5,1,5,1,0,7,4,7,1,0,8,1,8,0,6,3,5,6,0,5,8,4,5,0,1,1,5,1,0,110,0,115,0,90,45,65,Graduate degree (MA/MSc/MPhil/other),7,"£80,000 - £89,999",No,United Kingdom,No,Full-Time,0,0,0,0,0,0,0,0,0,0,0,85000,0,85000
1181,640245021965fa67eb729953,1,34,1,0,0,,2.7,1,0.911131211956852,0.765492782261631,0.4041985163948,D,D,D,D,D,D,D,D,545,1,,3,5,3,1,,8,5,8,1,,5,5,5,1,,2,5,2,1,,8,5,8,1,,5,5,5,1,,4,5,4,1,,8,5,8,1,5,,"The computer chose the one I would have picked each time, so the algorithm it was working from seemed to work well. I found it quicker, and after a few rounds I started to trust the computer decision.",D,D,D,D,D,D,D,D,0,0,0,6,7,5,9,3,2,10,5,4.5,3,220,90,220,170,55,170,175,110,175,205,115,205,190,45,190,210,40,210,225,85,225,195,65,195,0,170,175,205,0,210,0,0,8,2,4,5,3,1,7,6,1,0,8,5,8,1,0,8,5,8,1,0,2,5,2,1,0,8,5,8,1,0,5,5,5,1,0,3,5,3,1,0,4,5,4,1,0,5,5,5,0,170,205,0,175,0,0,210,Undergraduate degree (BA/BSc/other),5,"£70,000 - £79,999",No,United Kingdom,No,Part-Time,0,0,75000,0,0,0,0,0,0,0,0,0,0,75000
1017,640a628b1ee07fd75971fd93,0,36,3,1,0,,3.4,1,1.1192694489414,1.16781383347921,0.342452798684519,D,D,D,D,D,D,D,D,477,1,,3,1,3,1,,8,1,8,0,6,5,4,6,0,7,2,1,7,1,,8,5,8,1,,5,1,5,0,3,4,4,3,0,6,8,1,6,0,5,,,D,D,D,D,D,D,D,D,0,1,0,2,8,10,3,9,3,10,3,2.7,4,220,90,220,170,55,170,175,110,110,205,115,115,190,45,190,210,40,210,225,85,85,195,65,190,0,0,110,0,190,0,85,0,7,2,3,5,8,1,4,6,0,3,4,4,3,1,0,8,1,8,0,6,5,4,6,1,0,8,5,8,0,6,8,1,6,1,0,3,1,3,0,7,2,1,7,1,0,5,1,5,85,0,110,190,0,0,0,0,Undergraduate degree (BA/BSc/other),4,"£20,000 - £29,999",No,United Kingdom,No,Full-Time,25000,0,0,0,0,0,0,0,0,0,0,0,0,25000
2415,6427f297d1f4496a5bc7a7d5,0,51,1,0,0,,2.8,1,1.50527646427589,0.336915974422022,0.730620722544185,D,D,P,P,D,D,P,D,648,1,,3,4,3,1,,8,5,8,1,,6,4,6,1,,7,5,7,1,,8,2,8,1,,5,2,5,1,,3,5,3,1,,1,5,1,1,5,,An interesting study - thanks.,D,D,P,P,D,D,P,P,0,0,0,5,1,7,9,7,10,3,4,1,1,220,90,220,170,55,170,175,110,110,205,115,115,190,45,190,210,40,210,225,85,85,195,65,65,0,170,110,115,0,0,85,65,2,8,1,3,5,4,6,7,1,0,8,5,8,1,0,1,5,1,1,0,3,4,3,1,0,6,4,6,1,0,8,2,8,1,0,7,5,7,1,0,5,2,5,1,0,3,5,3,170,65,0,110,0,115,0,85,Technical/community college,6,"£30,000 - £39,999",No,United Kingdom,No,Full-Time,0,35000,0,0,0,0,0,0,0,0,0,0,0,35000
2361,642b1c83e9a71c3d81d75b19,1,48,1,0,0,,2.4,1,0.632168739265236,0.881009198241749,0.10709129735767,D,D,D,D,D,D,D,D,620,1,,3,3,3,1,,8,5,8,1,,6,5,6,1,,7,5,7,1,,8,3,8,1,,5,1,5,1,,3,5,3,1,,1,5,1,1,2,,,D,D,P,P,D,D,P,P,0,0,0,1,1,10,8,10,6,2,10,1,2,220,90,220,170,55,170,175,110,110,205,115,115,190,45,190,210,40,210,225,85,85,195,65,65,0,170,110,115,0,210,85,65,3,8,7,2,1,5,4,6,1,0,6,5,6,1,0,1,5,1,1,0,3,5,3,1,0,8,5,8,1,0,3,3,3,1,0,8,3,8,1,0,7,5,7,1,0,5,1,5,110,65,85,170,0,0,115,210,Undergraduate degree (BA/BSc/other),4,"£30,000 - £39,999",Yes,United Kingdom,No,Full-Time,0,35000,0,0,0,0,0,0,0,0,0,0,0,35000
1202,642da8d6414249fa3f227e4a,1,57,0,0,0,,3.42,1,1.18069316444381,0.268956999312696,0.45353598835237,D,D,P,D,D,D,D,D,650,1,,3,3,3,0,2,8,3,2,0,2,6,4,2,1,,2,3,2,1,,8,1,8,1,,5,1,5,0,3,4,5,3,0,1,8,5,1,0,6,I feel I'm more risk averse than the computer and would opt for greater chances of a lower win than the computer was doing.,,D,D,P,D,D,D,D,D,0,0,0,5,10,7,3,1,4,6,3,3.2,3,220,90,220,170,55,55,175,110,110,205,115,205,190,45,190,210,40,210,225,85,85,195,65,65,0,50,110,0,0,0,85,65,4,5,6,7,8,3,1,2,1,0,2,3,2,1,0,8,1,8,1,0,5,1,5,0,3,4,5,3,0,1,8,5,1,0,2,6,4,2,1,0,3,3,3,0,2,8,3,2,0,0,0,85,65,110,0,50,High school diploma/A-levels,5,"£20,000 - £29,999",No,United Kingdom,No,Full-Time,25000,0,0,0,0,0,0,0,0,0,0,0,0,25000
1765,64359e5b9995e7d3b31bc2fc,1,56,3,1,1,,3.6,1,0.969986965636278,0.536236863199478,0.355105556088295,D,D,D,D,D,D,D,D,752,1,,3,1,3,0,4,8,3,4,0,2,5,1,2,0,7,2,5,7,0,5,8,4,5,0,4,5,1,4,0,2,4,1,2,1,,8,1,8,0,5,,,D,D,D,D,D,D,D,D,0,0,0,1,6,3,10,5,6,4,5,1,4,220,90,220,170,55,55,175,110,110,205,115,115,190,45,45,210,40,40,225,85,225,195,65,195,0,55,0,115,45,0,0,0,6,1,2,4,8,7,5,3,0,4,5,1,4,1,0,3,1,3,0,4,8,3,4,0,7,2,5,7,1,0,8,1,8,0,2,4,1,2,0,5,8,4,5,0,2,5,1,2,0,0,55,115,0,0,45,0,Secondary education (e.g. GED/GCSE),5,"£50,000 - £59,999",No,United Kingdom,No,Part-Time,0,0,0,0,0,0,0,0,0,0,55000,0,0,55000
988,644015377c511324cabe9616,0,33,2,2,4,,3.6,1,0.96006310492393,0.363358039234727,0.411503432846965,D,D,P,D,D,D,D,D,704,1,,3,5,3,0,3,8,5,3,1,,6,5,6,1,,7,5,7,1,,8,4,8,1,,5,2,5,1,,3,5,3,1,,1,3,1,1,"2,4,6",The computer can process the data faster,,D,D,P,P,D,D,P,P,0,0,0,2,3,8,7,6,7,1,8,1,1,220,90,220,170,55,165,175,110,110,205,115,115,190,45,190,210,40,210,225,85,85,195,65,65,0,0,0,115,0,0,85,65,8,5,2,1,6,7,3,4,1,0,1,3,1,1,0,8,4,8,0,3,8,5,3,1,0,3,5,3,1,0,5,2,5,1,0,3,5,3,1,0,6,5,6,1,0,7,5,7,65,0,0,0,0,85,0,115,Graduate degree (MA/MSc/MPhil/other),3,"£30,000 - £39,999",Yes,United Kingdom,No,Full-Time,0,35000,0,0,0,0,0,0,0,0,0,0,0,35000
609,644016f38da1a099aac38389,0,38,0,0,0,All good!,3.46,1,1.73520920070851,0.552276047556566,0.382466892451672,D,D,D,D,D,D,D,D,330,0,3,3,1,3,1,,8,4,8,1,,6,4,6,1,,7,4,7,1,,8,1,8,1,,5,3,5,1,,3,3,3,0,8,1,1,8,1,"5,6","I like the random chance element - I know we have that when I choose, but it's double-random - random which lottery, and then random which roll of the dice",,D,D,P,P,D,D,P,P,0,0,0,7,7,2,2,6,2,10,5,1,2,220,90,220,170,55,170,175,110,110,205,115,115,190,45,190,210,40,210,225,85,85,195,65,195,0,170,110,115,0,210,85,0,6,2,7,4,1,3,5,8,1,0,5,3,5,1,0,8,4,8,1,0,3,3,3,1,0,7,4,7,0,3,3,1,3,1,0,6,4,6,1,0,8,1,8,0,8,1,1,8,210,170,85,115,0,110,0,0,Undergraduate degree (BA/BSc/other),7,"£70,000 - £79,999",No,United Kingdom,No,Full-Time,0,0,75000,0,0,0,0,0,0,0,0,0,0,75000
1072,6444226e207029b1910e4652,1,48,0,0,1,,6,1,0.490778311942832,0.299612990936806,0.180977521328882,D,D,P,D,D,D,D,D,499,0,2,3,5,2,0,3,8,5,3,0,2,6,2,2,0,3,2,5,3,0,5,8,5,5,0,7,5,2,7,0,3,4,5,3,0,1,8,5,1,1,5,,,D,D,P,D,D,D,D,D,1,0,0,7,3,3,8,10,6,4,7,1,4,220,90,85,170,55,165,175,110,110,205,115,110,190,45,45,210,40,40,225,85,85,195,65,65,85,0,0,110,45,0,85,65,4,7,8,5,1,2,3,6,0,3,2,5,3,0,3,4,5,3,0,1,8,5,1,0,5,8,5,5,0,2,3,5,2,0,3,8,5,3,0,2,6,2,2,0,7,5,2,7,110,85,65,45,85,0,0,0,High school diploma/A-levels,4,"£30,000 - £39,999",No,United Kingdom,No,Full-Time,0,35000,0,0,0,0,0,0,0,0,0,0,0,35000
1609,644805884189b40893adfa53,1,53,0,0,0,,6.8,1,2.01821291517914,0.289240461863627,0.601374583898312,D,D,D,D,D,D,D,D,524,0,6,3,4,6,0,3,8,2,3,0,6,6,3,6,0,7,7,4,7,1,,8,2,8,1,,5,2,5,0,5,3,3,5,0,1,1,4,1,0,2,,,D,D,P,P,D,D,P,P,0,0,0,6,3,10,9,7,7,6,6,1,1,220,90,90,170,55,165,175,110,110,205,115,115,190,45,190,210,40,210,225,85,85,195,65,65,0,0,110,115,0,0,85,0,5,8,4,6,3,7,1,2,1,0,8,2,8,0,1,1,4,1,0,7,7,4,7,1,0,5,2,5,0,6,6,3,6,0,5,3,3,5,0,6,3,4,6,0,3,8,2,3,0,0,115,0,110,85,0,0,Secondary education (e.g. GED/GCSE),6,"£10,000 - £15,999",No,United Kingdom,No,Full-Time,0,0,0,12500,0,0,0,0,0,0,0,0,0,12500
1197,644e0227c62cb87bccd10084,1,50,0,0,0,,2.8,1,0.119519991000737,19.014784418426,0.566010350984819,D,D,D,D,D,D,D,D,506,0,2,3,4,2,0,4,8,1,4,0,4,6,5,4,0,1,7,5,1,0,5,8,3,5,1,,5,1,5,0,5,3,4,5,0,1,1,1,1,0,"5,6",,This was fun - thank you x,D,D,P,P,D,D,P,P,0,1,1,10,1,4,6,4,9,2,9,1.9,2,220,90,85,170,55,55,175,110,105,205,115,115,190,45,45,210,40,210,225,85,85,195,65,65,85,0,105,105,45,0,75,0,6,4,3,8,2,7,1,5,1,0,5,1,5,0,1,7,5,1,0,4,6,5,4,0,1,1,1,1,0,4,8,1,4,0,5,3,4,5,0,2,3,4,2,0,5,8,3,5,0,105,105,0,0,75,85,45,Undergraduate degree (BA/BSc/other),7,"£60,000 - £69,999",No,United Kingdom,No,Full-Time,0,0,0,0,0,0,65000,0,0,0,0,0,0,65000
1894,6458fe267afe71c7aa4de260,1,40,1,0,0,,2.72,1,0.8418790838716,0.344332877868423,0.513562328376776,D,D,P,P,D,D,P,P,475,0,6,3,4,6,0,4,8,4,4,0,2,6,4,2,0,7,7,5,7,0,5,8,4,5,0,7,5,3,7,0,3,3,4,3,0,1,1,4,1,0,4,,,D,D,P,P,D,D,P,P,0,0,0,4,6,4,7,8,9,3,6,2.1,3,220,90,90,170,55,55,175,110,110,205,115,115,190,45,45,210,40,40,225,85,85,195,65,65,0,55,110,115,45,40,85,0,5,3,2,4,6,8,1,7,0,5,8,4,5,0,2,6,4,2,0,4,8,4,4,0,7,7,5,7,0,7,5,3,7,0,1,1,4,1,0,6,3,4,6,0,3,3,4,3,45,110,55,115,40,0,0,85,High school diploma/A-levels,6,Rather not say,No,United Kingdom,No,Part-Time,0,0,0,0,0,0,0,0,0,0,0,0,0,0
1983,645a178964bdf1b4de1fc79f,1,52,0,0,1,,4,1,0.829274954435958,1.09502567198574,0.742871523755209,D,D,P,P,D,D,P,P,635,1,,3,5,3,1,,8,1,8,1,,6,5,6,1,,7,5,7,1,,8,1,8,1,,5,3,5,1,,3,5,3,1,,1,3,1,1,2,,,D,D,P,P,D,D,P,P,0,1,1,4,5,1,6,10,2,10,7,2.7,4,220,90,220,170,55,170,175,110,110,205,115,115,190,45,190,210,40,210,225,85,85,195,65,65,220,0,110,115,0,210,85,65,8,6,3,4,5,7,1,2,1,0,1,3,1,1,0,5,3,5,1,0,6,5,6,1,0,7,5,7,1,0,8,1,8,1,0,3,5,3,1,0,3,5,3,1,0,8,1,8,65,210,110,115,0,85,220,0,Secondary education (e.g. GED/GCSE),3,"£40,000 - £49,999",No,United Kingdom,No,Part-Time,0,0,0,0,45000,0,0,0,0,0,0,0,0,45000
1895,645bee4a288a06ce3029b198,0,56,1,0,0,,2.08,1,0.91597868991691,0.0920304972543335,1.0738405080618,P,P,P,P,P,P,P,P,534,1,,3,5,3,1,,8,5,8,1,,6,5,6,1,,7,5,7,1,,8,5,8,1,,5,5,5,1,,3,5,3,1,,1,5,1,1,2,,,D,D,P,P,D,D,P,P,0,0,0,7,1,2,5,1,9,2,8,3.2,1,220,90,220,170,55,170,175,110,110,205,115,115,190,45,190,210,40,210,225,85,85,195,65,65,0,170,110,0,0,0,85,65,3,7,2,6,1,5,4,8,1,0,6,5,6,1,0,3,5,3,1,0,8,5,8,1,0,5,5,5,1,0,3,5,3,1,0,8,5,8,1,0,7,5,7,1,0,1,5,1,110,85,170,0,0,0,0,65,Undergraduate degree (BA/BSc/other),7,"£60,000 - £69,999",Yes,United Kingdom,No,Full-Time,0,0,0,0,0,0,65000,0,0,0,0,0,0,65000
1295,645df5da6a7ba0101a3a2a95,0,63,1,0,0,,3.18,1,2.58514542554213,0.0568291624765713,-0.0699324450224433,D,D,D,D,D,D,D,D,655,1,,3,3,3,1,,8,3,8,1,,6,5,6,1,,7,3,7,1,,8,5,8,1,,5,3,5,1,,3,5,3,1,,1,3,1,1,"2,5",,,D,D,P,P,D,D,P,P,0,0,0,7,3,6,5,9,1,2,6,1,2,220,90,220,170,55,170,175,110,110,205,115,115,190,45,190,210,40,210,225,85,85,195,65,65,0,0,110,0,190,0,85,0,7,3,8,2,4,5,6,1,1,0,3,5,3,1,0,6,5,6,1,0,1,3,1,1,0,8,3,8,1,0,7,3,7,1,0,8,5,8,1,0,5,3,5,1,0,3,3,3,85,110,0,0,0,190,0,0,Undergraduate degree (BA/BSc/other),4,"£20,000 - £29,999",Yes,United Kingdom,No,Full-Time,25000,0,0,0,0,0,0,0,0,0,0,0,0,25000
2296,646649fde6355f403654a711,1,55,1,0,0,,4,1,0.652072075164106,0.899808812092702,0.872837408918983,P,P,P,P,P,P,P,P,871,1,,6,5,6,1,,4,3,4,1,,6,4,6,1,,7,4,7,1,,5,5,5,1,,7,4,7,1,,3,5,3,1,,1,5,1,1,5,,,P,P,P,P,P,P,P,P,0,1,0,5,4,5,4,6,1,6,10,1.8,3,220,90,90,170,55,55,175,110,110,205,115,115,190,45,45,210,40,40,225,85,85,195,65,65,90,0,0,115,45,40,85,65,4,6,3,2,1,8,5,7,1,0,7,4,7,1,0,7,4,7,1,0,6,4,6,1,0,4,3,4,1,0,6,5,6,1,0,1,5,1,1,0,5,5,5,1,0,3,5,3,115,40,0,0,90,65,45,85,Undergraduate degree (BA/BSc/other),6,"£50,000 - £59,999",No,United Kingdom,No,Part-Time,0,0,0,0,0,0,0,0,0,0,55000,0,0,55000
1131,6472ec9d6898fb5a55efa348,1,53,2,0,2,,3.46,1,1.83587850916569,0.368411772311748,0.304560578711786,D,D,D,D,D,D,D,D,469,0,4,3,2,4,0,4,8,4,4,0,2,5,2,2,0,7,2,4,7,1,,8,5,8,0,2,5,2,2,1,,4,2,4,1,,8,2,8,0,"2,4,5",,,D,D,D,D,D,D,D,D,1,0,1,6,6,5,7,9,3,1,5,1,4,220,90,90,170,55,55,175,110,110,205,115,115,190,45,190,210,40,35,225,85,225,195,65,195,0,55,0,115,190,0,0,0,8,3,6,5,4,1,7,2,1,0,8,2,8,0,2,5,2,2,0,2,5,2,2,1,0,8,5,8,0,7,2,4,7,0,4,3,2,4,1,0,4,2,4,0,4,8,4,4,0,0,0,190,115,0,0,55,High school diploma/A-levels,6,Rather not say,Yes,United Kingdom,No,Part-Time,0,0,0,0,0,0,0,0,0,0,0,0,0,0
1322,648377e2d90103fb05768d81,0,50,0,0,1,Some tables were straight forward whereas others were significantly more thought provoking.,2.52,1,0.995219867565502,0.490681819599332,0.353945893237405,D,D,D,D,D,D,D,D,580,1,,3,5,3,0,8,8,3,8,0,2,6,5,2,0,3,7,4,3,1,,8,3,8,0,5,5,4,5,1,,3,3,3,1,,1,4,1,1,6,The risk and reward is pretty much equally distributed and on the balance of probability I favour the pseudo random approach of the computer.,Nothing to add.,D,D,P,P,D,D,P,P,1,0,0,7,7,10,2,2,6,9,5,1,1,220,90,220,170,55,170,175,110,110,205,115,110,190,45,190,210,40,210,225,85,85,195,65,65,0,170,100,110,0,210,85,65,7,6,5,3,8,4,1,2,1,0,3,3,3,0,5,5,4,5,1,0,8,3,8,0,2,6,5,2,1,0,1,4,1,0,3,7,4,3,1,0,3,5,3,0,8,8,3,8,85,210,0,100,65,110,0,170,Undergraduate degree (BA/BSc/other),6,"£100,000 - £149,999",Yes,United Kingdom,No,Full-Time,0,0,0,0,0,0,0,0,0,0,0,0,125000,125000
